,S17_PM10,S17_PM25,S17_SO2,S17_NO2,S17_NOX,S17_NO,S17_O3
0,,72.57,,,,,
1,,,,,,,3.1
2,,,,,,410.96,
3,,,,,,417.82,
4,,,9.9,,,,
5,168.9,,,,,,
6,,34.18,,,,,
7,,,,,,,4.05
8,,,,,844.81,,
9,,,,154.38,,,
10,,69.34,,,,,
11,,,,,425.23,,
12,,,,,348.71,,
13,,101.41,,,,,
14,,,,,,135.04,
15,,,,,,86.31,
16,,,,,,,2.08
17,,,,,,54.21,
18,,44.72,,,,,
19,,,,,,,2.34
20,,,,,,,2.91
21,92.37,,,,,,
22,108.42,,,,,,
23,,,,73.2,,,
24,,,,,,,5.22
25,,,,,119.87,,
26,,,,72.01,,,
27,,34.62,,,,,
28,,,,,154.37,,
29,69.02,,,,,,
30,,,,,,,2.29
31,,33.1,,,,,
32,65.73,,,,,,
33,,45.88,,,,,
34,,,,,,,2.57
35,,,,,,,2.06
36,,,,,,215.55,
37,,,,118.07,,,
38,,,,,,,1.95
39,,,,75.29,,,
40,,,,,,,7.28
41,,,,70.86,,,
42,,,,,,88.98,
43,44.88,,,,,,
44,,,,,,42.3,
45,,,,,,,4.96
46,,,,79.09,,,
47,,,9.35,,,,
48,43.31,,,,,,
49,,,,,,49.26,
50,,,,,,43.54,
51,,,,,123.34,,
52,,,,,,,1.95
53,,,,78.69,,,
54,,,,,,20.44,
55,,,,,,19.46,
56,,23.87,,,,,
57,,,,,89.22,,
58,22.88,,,,,,
59,,,,64.5,,,
60,,,,,,,5.19
61,,,,,79.06,,
62,26.53,,,,,,
63,,,,74.23,,,
64,,,,,,23.42,
65,,,,81.98,,,
66,,,7.45,,,,
67,33.11,,,,,,
68,,7.61,,,,,
69,42.29,,,,,,
70,,,,,143.73,,
71,,,,,,50.46,
72,,,,78.81,,,
73,,13.02,,,,,
74,,,6.86,,,,
75,,9.65,,,,,
76,,,,,,,2.13
77,,,7.05,,,,
78,28.01,,,,,,
79,,,,,39.94,,
80,,,,,,9.72,
81,,,,,,13.14,
82,,,,69.12,,,
83,36.7,16.62,9.28,90.16,154.32,64.16,10.76
84,40.93,,,,,,
85,,,,,,,21.46
86,,,,,195.06,,
87,,52.92,,,,,
88,,,15.55,,,,
89,,,,,,,18.66
90,162.66,,,,,,
91,,,,78.55,,,
92,,,11.1,,,,
93,,,,,428.18,,
94,,,,,,857.9,
95,,,,322.01,,,
96,,,,,,413.52,
97,,,,,,,4.54
98,188.68,,,,,,
99,,100.71,,,,,
100,,,,162.5,,,
101,,,,,,150.75,
102,,,,,279.56,,
103,,,6.56,,,,
104,,,6.21,,,,
105,,155.97,,,,,
106,,,,,176.48,,
107,,,4.64,,,,
108,,,,,,,6.24
109,,,,,,,7.36
110,,,,73.02,,,
111,,16.35,,,,,
112,,,,305.52,,,
113,,,,,,,5.42
114,,,16.8,,,,
115,,,,,,,4.99
116,,,,,,204.23,
117,170.69,,,,,,
118,168.01,,,,,,
119,,,6.02,,,,
120,,,,,,31.7,
121,,28.99,,,,,
122,,,,,,,4.75
123,,70.95,,,,,
124,,,4.35,,,,
125,,,,,,,4.72
126,,72.17,,,,,
127,,,17.96,,,,
128,,105.88,,,,,
129,150.72,,,,,,
130,,,,,,,18.06
131,,73.01,,,,,
132,84.24,,,,,,
133,,,,,,,45.0
134,,,,,,9.95,
135,,19.74,,,,,
136,,19.36,,,,,
137,,,10.97,,,,
138,,,,,99.1,,
139,,,,,,26.97,
140,,,,,,,4.91
141,,,,,,186.83,
142,,,,,,,4.44
143,,,,132.37,,,
144,,,,,,,4.29
145,129.89,,,,,,
146,,,,115.2,,,
147,,48.14,,,,,
148,,56.82,,,,,
149,111.11,,,,,,
150,,64.95,,,,,
151,,,,,,,8.21
152,118.54,,,,,,
153,,,,105.42,,,
154,,,,70.89,,,
155,,,,,,,58.51
156,,,,,,7.16,
157,,14.62,,,,,
158,,,6.19,,,,
159,,,,194.65,,,
160,,,,,,199.94,
161,,,,,,168.9,
162,,,,,,,4.18
163,,,5.72,,,,
164,,48.21,,,,,
165,,,,,372.92,,
166,,,,,,,4.43
167,,60.57,,,,,
168,101.98,,,,,,
169,,,,,,51.19,
170,,,,65.62,,,
171,,,,,87.56,,
172,,24.24,,,,,
173,,,6.13,,,,
174,,,,,,168.26,
175,,19.76,,,,,
176,,,,,628.82,,
177,,,,,343.22,,
178,,,,,,240.69,
179,,68.74,,,,,
180,,,,,,231.3,
181,,68.98,,,,,
182,,,5.01,,,,
183,,,4.97,,,,
184,,,4.63,,,,
185,,,,,,109.97,
186,,42.14,,,,,
187,,,,,,,3.92
188,,,,,,179.98,
189,,,,118.77,,,
190,,18.45,,,,,
191,,,8.38,,,,
192,,,,,,65.07,
193,,,,,,160.95,
194,,,6.08,,,,
195,,,5.0,,,,
196,,,,,,,4.35
197,111.4,,,,,,
198,107.04,,,,,,
199,,,4.06,,,,
200,,,,,,150.25,
201,,,,,,104.36,
202,,,,,,125.4,
203,,59.1,,,,,
204,108.68,,,,,,
205,,,4.8,,,,
206,103.84,,,,,,
207,,51.41,,,,,
208,,,,,330.87,,
209,,,,,,111.17,
210,,,6.26,,,,
211,97.36,,,,,,
212,,,,,45.76,,
213,,33.2,,,,,
214,,,,,,36.28,
215,,,,,364.16,,
216,,,,,472.24,,
217,,,,,,,4.69
218,,,,,,,4.5
219,,,5.79,,,,
220,,67.17,,,,,
221,148.42,47.6,5.0,167.17,354.35,187.18,4.42
222,,,,156.82,,,
223,,59.12,,,,,
224,,,,129.93,,,
225,97.96,,,,,,
226,,,,,,84.77,
227,,,,,270.71,,
228,,,,223.62,,,
229,,,,,,,6.91
230,,105.3,,,,,
231,,,17.32,,,,
232,,,,,80.12,,
233,80.82,,,,,,
234,,,5.72,,,,
235,,27.13,,,,,
236,,20.92,,,,,
237,,,,55.68,,,
238,65.44,,,,,,
239,,,,,55.29,,
240,,,,,,,5.87
241,,,4.38,,,,
242,,,,,,106.09,
243,,,,,,38.29,
244,,,8.19,,,,
245,,,,,,5.04,
246,66.8,17.33,5.72,28.65,32.71,4.06,65.19
247,90.71,,,,,,
248,115.58,,,,,,
249,,,4.3,,,,
250,,,,,,,29.34
251,,,,68.0,,,
252,5.28,,,,,,
253,,,,,,,16.09
254,,,,,38.44,,
255,,,,,,7.26,
256,,,,66.8,,,
257,,,,42.32,,,
258,,,3.96,,,,
259,,5.65,,,,,
260,,,,24.45,,,
261,,,,,,,44.24
262,,,,,,15.09,
263,,,,,,,41.8
264,,,,,,10.26,
265,,,2.3,,,,
266,,0.6,,,,,
267,,,,,57.64,,
268,,,,,63.18,,
269,,3.53,,,,,
270,,,,,,2.59,
271,29.46,,,,,,
272,,,1.32,,,,
273,,,,,,,41.67
274,20.71,,,,,,
275,,,,17.17,,,
276,,,,,30.3,,
277,,,1.21,,,,
278,16.05,,,,,,
279,,,,,80.39,,
280,14.24,,,,,,
281,,21.2,,,,,
282,18.35,,,,,,
283,,,3.11,,,,
284,,,,,,16.59,
285,,,,49.03,,,
286,,,2.89,,,,
287,11.18,,,,,,
288,,,,21.92,,,
289,,2.94,,,,,
290,,,2.98,,,,
291,17.37,,,,,,
292,,,,,,,57.12
293,,,2.38,,,,
294,8.27,,,,,,
295,,,,,,0.69,
296,,,,7.56,,,
297,,,,,8.84,,
298,,,1.56,,,,
299,,1.25,,,,,
300,,,,,10.28,,
301,,1.03,,,,,
302,,,,,24.77,,
303,,,,50.24,,,
304,,,,,,,39.31
305,,5.12,,,,,
306,6.9,,,,,,
307,,,,,,10.58,
308,,,,,,2.38,
309,,,,14.92,,,
310,,,,,15.58,,
311,9.64,,,,,,
312,,,,17.8,,,
313,27.54,,,,,,
314,,,2.37,,,,
315,,,,,,,64.67
316,,,,93.17,,,
317,44.99,,,,,,
318,,,,,,29.36,
319,45.32,,,,,,
320,,9.05,,,,,
321,,,,82.83,,,
322,,,,,,,64.88
323,,,3.65,,,,
324,,,,,,7.91,
325,36.99,,,,,,
326,,,,47.78,,,
327,,6.0,,,,,
328,,,,,,,59.72
329,,,,34.02,,,
330,,,,,,3.28,
331,,,,,,,60.65
332,24.63,,,,,,
333,,,,,24.0,,
334,,,,,,,62.39
335,,,,11.39,,,
336,,,,,,2.66,
337,,,,,,,69.35
338,,,,,,2.88,
339,,,,,22.18,,
340,,2.72,,,,,
341,,1.95,,,,,
342,,,,,,,60.06
343,,,,35.22,,,
344,,,,,48.09,,
345,,,5.71,,,,
346,54.2,,,,,,
347,,,3.38,,,,
348,,,,,,,63.14
349,,,3.05,,,,
350,,2.15,,,,,
351,,,3.49,,,,
352,,,,79.14,,,
353,,,,,85.26,,
354,63.91,,,,,,
355,,17.74,,,,,
356,,16.1,,,,,
357,,,,,81.74,,
358,,,2.25,,,,
359,,23.01,,,,,
360,,,,,,5.16,
361,45.58,,,,,,
362,,,,,19.37,,
363,,,1.84,,,,
364,18.95,,,,,,
365,13.29,,,,,,
366,19.42,,,,,,
367,,,,16.66,,,
368,,,2.22,,,,
369,,,,19.49,,,
370,,,,22.54,,,
371,,,,,,6.62,
372,,,,,43.48,,
373,,,,,48.07,,
374,,,,,,,47.36
375,,,,,,,48.73
376,14.64,,,,,,
377,,,1.64,,,,
378,25.53,,,,,,
379,,,,,44.84,,
380,26.91,,,,,,
381,,,1.83,,,,
382,,,,,,3.99,
383,36.13,,,,,,
384,,,,,,,56.61
385,,,2.47,,,,
386,,15.27,,,,,
387,,,5.45,,,,
388,,,,,,,34.7
389,,,6.45,,,,
390,,,,,,19.39,
391,68.73,,,,,,
392,,,,,37.85,,
393,,,,,51.63,,
394,,,,,,19.8,
395,,,,,,17.92,
396,,,,68.54,,,
397,,,,,,,22.08
398,,,4.61,,,,
399,,,3.35,,,,
400,,,,,,,30.79
401,,,2.79,,,,
402,,31.76,,,,,
403,,,3.52,,,,
404,,,,,,,4.37
405,61.46,,,,,,
406,,,,,,24.15,
407,,,,,151.26,,
408,74.34,,,,,,
409,,,,,,204.46,
410,112.5,,,,,,
411,,,6.84,,,,
412,,51.86,,,,,
413,,,,,,33.04,
414,,,,41.78,,,
415,,,,,62.82,,
416,55.14,,,,,,
417,48.06,,,,,,
418,,,4.52,,,,
419,,,3.7,,,,
420,,,,,,27.5,
421,55.6,,,,,,
422,,5.58,,,,,
423,,,,,,,12.54
424,,,,80.86,,,
425,,,,42.23,,,
426,,,,,31.19,,
427,,20.82,,,,,
428,,,2.56,,,,
429,,,2.69,,,,
430,,,2.52,,,,
431,34.82,,,,,,
432,28.66,,,,,,
433,,,3.48,,,,
434,,,,,,19.95,
435,,,,,61.44,,
436,,,,,,,52.79
437,,,4.68,,,,
438,,,,,37.96,,
439,28.21,,,,,,
440,,,,,30.43,,
441,,,3.32,,,,
442,,,,,,7.42,
443,20.64,,,,,,
444,,,,,,3.49,
445,,,,,,4.02,
446,18.71,,,,,,
447,,1.46,,,,,
448,,,,,,2.98,
449,,,2.67,,,,
450,,,,,,,30.14
451,,0.36,,,,,
452,8.63,,,,,,
453,13.64,,,,,,
454,,,,52.09,,,
455,,,,38.78,,,
456,,,,28.65,,,
457,,,,,38.77,,
458,14.47,,,,,,
459,,,,37.97,,,
460,18.09,,,,,,
461,,,2.74,,,,
462,,,,,,33.53,
463,,,,112.83,,,
464,,,,,,62.54,
465,,16.13,,,,,
466,,,,69.62,,,
467,,,2.16,,,,
468,64.36,,,,,,
469,,,1.83,,,,
470,,,,,,5.03,
471,,,,,,,14.09
472,,,,,,117.04,
473,,,,,495.08,,
474,106.08,,,,,,
475,,,,,,19.32,
476,,,,,,21.56,
477,72.52,,,,,,
478,,,,,,,26.35
479,112.98,,,,,,
480,,,,,270.44,,
481,,,,,,,6.47
482,,,7.38,,,,
483,,,,56.35,,,
484,,,,,,,11.36
485,,,,,,21.01,
486,,,,,,,6.34
487,209.93,,,,,,
488,,141.16,,,,,
489,,123.82,,,,,
490,248.7,,,,,,
491,,30.84,,,,,
492,,,,,40.32,,
493,,,,,,13.04,
494,,,,,80.24,,
495,,,,,,25.02,
496,,,,,,,29.64
497,,,,59.62,,,
498,,,,,,9.93,
499,,5.58,,,,,
500,11.32,,,,,,
501,183.38,,,,,,
502,,,9.91,,,,
503,,,,,111.17,,
504,,,,,,,68.33
505,,,,39.27,,,
506,14.4,,,,,,
507,,8.76,,,,,
508,,,,,,,25.23
509,,,,,,8.75,
510,,,,,,6.28,
511,,,,,30.75,,
512,,,,,26.63,,
513,,,,,,,56.88
514,,,,,18.19,,
515,,,,,,9.08,
516,,3.14,,,,,
517,,,,,,,44.91
518,,,,,49.88,,
519,,6.97,,,,,
520,,,,,,169.4,
521,,,5.07,,,,
522,,,,,,,61.68
523,,,,,52.56,,
524,,15.61,,,,,
525,,,3.35,,,,
526,,,,,,71.45,
527,73.61,,,,,,
528,,26.95,,,,,
529,146.34,,,,,,
530,,,,,102.69,,
531,,26.09,,,,,
532,,,,,,76.17,
533,,,,82.32,,,
534,103.27,,,,,,
535,,,,,65.38,,
536,,,,,,15.08,
537,,,,,,,6.6
538,,,3.68,,,,
539,181.5,,,,,,
540,,73.15,,,,,
541,171.37,,,,,,
542,,,,,,84.35,
543,,,,94.84,,,
544,122.81,,,,,,
545,431.91,,,,,,
546,,,,131.91,,,
547,,,5.76,,,,
548,105.11,,,,,,
549,,25.41,,,,,
550,91.43,,,,,,
551,,,,272.97,,,
552,,,,208.76,,,
553,,,,,390.31,,
554,,,7.29,,,,
555,,,,,294.53,,
556,,,,,362.97,,
557,,,5.36,,,,
558,,,,149.25,,,
559,,46.8,,,,,
560,92.79,,,,,,
561,96.02,,,,,,
562,,,,51.11,,,
563,,,,,,22.25,
564,,20.99,,,,,
565,,,,,,94.8,
566,,20.49,,,,,
567,,,4.57,,,,
568,,,,,,9.57,
569,,,,40.25,,,
570,,,,,,,16.57
571,110.32,,,,,,
572,,,3.06,,,,
573,,,4.8,,,,
574,,,,,,52.28,
575,,,,,,,6.29
576,,,4.2,,,,
577,,,3.57,,,,
578,,,,108.16,,,
579,,,,,166.58,,
580,,,,,,25.2,
581,,,,59.36,,,
582,,15.67,,,,,
583,,,,53.97,,,
584,,,2.8,,,,
585,,,,,198.95,,
586,111.72,,,,,,
587,,,4.54,,,,
588,,,,,95.42,,
589,95.56,,,,,,
590,,,,,,,77.27
591,50.41,,,,,,
592,17.12,,,,,,
593,,5.86,,,,,
594,,4.46,,,,,
595,,,3.31,,,,
596,,,,,,4.79,
597,48.26,,,,,,
598,40.52,,,,,,
599,,,,,,,57.17
600,,,,,,1.73,
601,,,,,,,49.69
602,,,,,,,19.68
603,19.42,,,,,,
604,,,,,,,40.29
605,,11.62,,,,,
606,,,,,,21.41,
607,,18.48,,,,,
608,,,,,74.34,,
609,,,4.38,,,,
610,,,,37.65,,,
611,,,,,,,65.28
612,,,,32.55,,,
613,,,,,,,70.37
614,78.39,,,,,,
615,,,,,,11.86,
616,,,,,41.21,,
617,,,,,66.74,,
618,,,,,62.02,,
619,,,,,70.0,,
620,,,,,82.33,,
621,,,,,,3.01,
622,,,,30.83,,,
623,,,,,15.02,,
624,,,2.36,,,,
625,,,2.04,,,,
626,,,,,,10.32,
627,14.75,,,,,,
628,,,,,,,2.33
629,43.38,,,,,,
630,54.84,31.38,4.44,54.97,79.45,24.48,41.75
631,,,,78.68,,,
632,,24.98,,,,,
633,,,,62.18,,,
634,,,,,,,45.23
635,,9.56,,,,,
636,,,,58.85,,,
637,,,,,57.06,,
638,,,,,,7.06,
639,,,,,,,7.38
640,,40.5,,,,,
641,54.78,,,,,,
642,,,,43.26,,,
643,,23.87,,,,,
644,,,,69.14,,,
645,,37.32,,,,,
646,,,,118.66,,,
647,,,,,,,36.95
648,96.48,,,,,,
649,,,,,,,54.11
650,,,,,83.69,,
651,,,,,,,8.71
652,,24.3,,,,,
653,,,,,108.45,,
654,,,,,,,15.94
655,,,,,,,38.63
656,37.79,,,,,,
657,,15.18,,,,,
658,,,,,,,29.28
659,,,,,,9.07,
660,14.48,,,,,,
661,,,2.22,,,,
662,,5.41,,,,,
663,,,,,45.37,,
664,,,2.22,,,,
665,17.55,,,,,,
666,,2.55,,,,,
667,,,,40.71,,,
668,7.81,,,,,,
669,,,,68.81,,,
670,,7.13,,,,,
671,,13.2,,,,,
672,,13.55,,,,,
673,27.09,,,,,,
674,23.58,,,,,,
675,16.76,,,,,,
676,,,,83.73,,,
677,,,2.3,,,,
678,,,,80.81,,,
679,,,2.7,,,,
680,,,,,,,48.26
681,,,,,,1.47,
682,,,,11.81,,,
683,1.78,0.83,2.19,10.0,13.39,3.39,57.76
684,,1.24,,,,,
685,2.46,,,,,,
686,,,,,15.84,,
687,,,,,,,55.82
688,,,,,,,61.74
689,,,2.14,,,,
690,,,2.27,,,,
691,,,2.17,,,,
692,,0.39,,,,,
693,,,,10.56,,,
694,,,,,,,34.73
695,,,,55.63,,,
696,,19.81,,,,,
697,,,3.16,,,,
698,,,,,,9.6,
699,,,,20.64,,,
700,,,,,,,70.73
701,,2.05,,,,,
702,,,,26.95,,,
703,,,,,31.44,,
704,,,,,,4.56,
705,,,2.84,,,,
706,17.61,,,,,,
707,,3.16,,,,,
708,31.32,,,,,,
709,,,,,176.48,,
710,,,,,316.24,,
711,,,7.54,,,,
712,,,,,,,72.02
713,,,,,,20.45,
714,,,,,,,65.74
715,,,,,,,9.77
716,,,7.25,,,,
717,,,,,,,16.21
718,,,5.91,,,,
719,,,,,103.53,,
720,,,,,,30.69,
721,,,,,110.45,,
722,,,2.86,,,,
723,,,3.44,,,,
724,,,,133.55,,,
725,,,,,,67.64,
726,69.92,,,,,,
727,,,,,144.76,,
728,,7.12,,,,,
729,22.78,,,,,,
730,,,2.03,,,,
731,,,,,,19.3,
732,,,,,,,4.53
733,,,2.57,,,,
734,,,,,142.93,,
735,,,2.99,,,,
736,,,,94.18,,,
737,,,,,90.49,,
738,,,,,236.45,,
739,51.15,,,,,,
740,,,4.24,,,,
741,,,,,73.98,,
742,,,,,61.08,,
743,,19.05,,,,,
744,,,,29.02,,,
745,,,3.14,,,,
746,,,,,,,75.58
747,,,,,,,73.68
748,29.07,,,,,,
749,,,3.02,,,,
750,,,3.17,,,,
751,,,,,,,4.16
752,,,3.25,,,,
753,96.02,,,,,,
754,,,3.92,,,,
755,,,,96.87,,,
756,,,,,,9.44,
757,,,,,41.97,,
758,44.48,,,,,,
759,,,2.28,,,,
760,,,2.21,,,,
761,,7.1,,,,,
762,,5.45,,,,,
763,,,3.3,,,,
764,,1.62,,,,,
765,,,,,,83.48,
766,,,2.22,,,,
767,,,,,,2.14,
768,,,,37.17,,,
769,,,1.97,,,,
770,,,,,223.11,,
771,,23.16,,,,,
772,,,3.68,,,,
773,,,3.09,,,,
774,35.45,,,,,,
775,3.3,,,,,,
776,,,,,17.92,,
777,,,,,,,70.31
778,,,,12.18,,,
779,,,,,,,65.82
780,,0.55,,,,,
781,,0.38,,,,,
782,,,,,16.76,,
783,,,3.41,,,,
784,,,,,,4.69,
785,,,,41.65,,,
786,,,,,,12.14,
787,,,,,37.69,,
788,,,,,50.98,,
789,,2.53,,,,,
790,,,,,,,70.99
791,,,,50.35,,,
792,12.44,,,,,,
793,,,,,,,78.49
794,,,2.02,,,,
795,,,,,,2.71,
796,6.92,,,,,,
797,,,,26.44,,,
798,3.9,,,,,,
799,,0.53,,,,,
800,,,,,30.03,,
801,,,1.95,,,,
802,,,,32.57,,,
803,,,,33.01,,,
804,,,1.95,,,,
805,,,2.48,,,,
806,,1.03,,,,,
807,,,,,77.44,,
808,,,,,,13.43,
809,16.62,,,,,,
810,,1.88,,,,,
811,,,,61.87,,,
812,,,,,,,46.46
813,,,4.98,,,,
814,,,,,87.88,,
815,,,2.06,,,,
816,,,1.94,,,,
817,,,2.06,,,,
818,,,,61.82,,,
819,,,,,118.78,,
820,,,,,,,60.51
821,,,,,,12.39,
822,,,,,,11.76,
823,,,,,,,85.97
824,,,,,,10.83,
825,,9.27,,,,,
826,,,,,71.25,,
827,,,,,77.18,,
828,,,,52.44,,,
829,,,,,,7.1,
830,,10.3,,,,,
831,13.87,,,,,,
832,,,1.82,,,,
833,,,,,,12.89,
834,,,1.93,,,,
835,3.32,,,,,,
836,,,,,,,66.04
837,,,,,,,72.79
838,,,1.79,,,,
839,,,,38.95,,,
840,,0.8,,,,,
841,,,,,71.65,,
842,,,,,,6.6,
843,,0.28,,,,,
844,,,2.83,,,,
845,10.96,,,,,,
846,,,,79.12,,,
847,,2.36,,,,,
848,,,,67.0,,,
849,,,,,,,5.05
850,,,,88.55,,,
851,,,1.16,,,,
852,,,1.23,,,,
853,,,1.64,,,,
854,44.24,,,,,,
855,,,,90.63,,,
856,,,,,,,28.81
857,,,,,114.29,,
858,,,,48.74,,,
859,24.75,,,,,,
860,,,,40.52,,,
861,,,,,,,84.16
862,,,,62.81,,,
863,,1.05,,,,,
864,,,,,,,29.55
865,,,,,,29.26,
866,,,1.21,,,,
867,,,1.18,,,,
868,,0.85,,,,,
869,,,,63.11,,,
870,,,,,58.98,,
871,,0.75,,,,,
872,,,,,,,53.44
873,0.57,,,,,,
874,,,,,,4.53,
875,,,0.94,,,,
876,,,,,36.63,,
877,,0.09,,,,,
878,,,,,61.4,,
879,,,,,88.25,,
880,,,,58.41,,,
881,,,,,,10.76,
882,,,2.42,,,,
883,,,,,55.36,,
884,,,2.17,,,,
885,,,,,62.81,,
886,,0.39,,,,,
887,,,1.91,,,,
888,24.23,,,,,,
889,,,,55.98,,,
890,25.52,8.39,1.44,40.6,45.1,4.51,56.23
891,,,,46.37,,,
892,,4.11,,,,,
893,,,,,,,62.85
894,,,,,32.14,,
895,,,,31.57,,,
896,,,,,36.99,,
897,,0.71,,,,,
898,,,1.32,,,,
899,,,,48.76,,,
900,,,1.42,,,,
901,,,,,,14.76,
902,8.09,,,,,,
903,,,3.06,,,,
904,,4.55,,,,,
905,,,,,,22.06,
906,,,,60.84,,,
907,,,,44.58,,,
908,,,,,48.88,,
909,,,,,,,44.41
910,,,,58.55,,,
911,,,1.56,,,,
912,,,,71.35,,,
913,,,1.36,,,,
914,,,1.52,,,,
915,,,,,,4.2,
916,,4.14,,,,,
917,,,,29.38,,,
918,,,,33.36,,,
919,,,,,,,39.18
920,8.57,,,,,,
921,8.21,,,,,,
922,9.22,,,,,,
923,,,,,,,61.56
924,,,,,,13.12,
925,,,,141.08,,,
926,,,,,,,5.67
927,,,,,,12.63,
928,,,,,,87.48,
929,,,2.47,,,,
930,95.73,,,,,,
931,,,,108.95,,,
932,80.43,,,,,,
933,85.6,,,,,,
934,,,2.64,,,,
935,,50.05,,,,,
936,,61.69,,,,,
937,,71.22,,,,,
938,,,,,108.41,,
939,,,,,,32.27,
940,,,,,64.24,,
941,105.17,,,,,,
942,,,,,56.32,,
943,,,1.94,,,,
944,,12.77,,,,,
945,,,,36.9,,,
946,43.24,,,,,,
947,,,,,,,41.94
948,,12.8,,,,,
949,,,,,,16.56,
950,,,,,,16.19,
951,,,,,,,52.96
952,,,,110.82,,,
953,,7.68,,,,,
954,95.43,,,,,,
955,,,,,134.76,,
956,77.62,,,,,,
957,,,,,262.12,,
958,,,2.27,,,,
959,,,,129.77,,,
960,,22.23,,,,,
961,,,,,,69.49,
962,,,,,,67.27,
963,78.12,,,,,,
964,,,,,,,3.8
965,,,,,,77.3,
966,,,,153.05,,,
967,,,,,,18.38,
968,,,1.64,,,,
969,,,,,,16.14,
970,,,,44.9,,,
971,,,,,,,76.02
972,,,,,,,73.94
973,,,,,100.6,,
974,,,,,,16.1,
975,,,,75.36,,,
976,,,1.84,,,,
977,,,,,,12.43,
978,,,,,108.94,,
979,,,,105.38,,,
980,,,1.7,,,,
981,,,,99.08,,,
982,47.19,21.29,1.95,115.62,184.93,69.31,3.09
983,,,,,,81.04,
984,,,2.13,,,,
985,50.13,,,,,,
986,,,,,195.79,,
987,89.75,,,,,,
988,,,,,158.45,,
989,,,,,,,45.95
990,,,,,,,66.89
991,,,,,,,81.03
992,,13.75,,,,,
993,69.62,,,,,,
994,,,,,,,88.55
995,,,1.63,,,,
996,,,,38.16,,,
997,,,,,52.2,,
998,,,,45.85,,,
999,27.91,,,,,,
1000,,,,,,4.54,
1001,,,,,58.82,,
1002,,,,,,,45.55
1003,,,,,,,67.77
1004,,,,,,5.14,
1005,20.04,,,,,,
1006,,,,,52.55,,
1007,,,,,46.04,,
1008,,,,,,4.02,
1009,,,,,37.72,,
1010,,,1.53,,,,
1011,11.94,,,,,,
1012,,,2.24,,,,
1013,,,,,,9.58,
1014,,,2.33,,,,
1015,,,,,,,87.08
1016,18.5,4.12,2.04,26.86,32.32,5.46,87.21
1017,,,1.74,,,,
1018,12.36,,,,,,
1019,,,1.93,,,,
1020,,,,,,5.79,
1021,,,,26.5,,,
1022,,,,,29.9,,
1023,,,1.43,,,,
1024,,,1.34,,,,
1025,,,,,28.43,,
1026,,3.44,,,,,
1027,,,,,,5.57,
1028,,,,,,4.32,
1029,11.55,3.15,1.33,38.99,43.07,4.08,51.64
1030,11.93,,,,,,
1031,,3.07,,,,,
1032,9.78,,,,,,
1033,,,,,,5.22,
1034,7.59,,,,,,
1035,,,,,,6.74,
1036,,,,,,,73.28
1037,,,,23.47,,,
1038,,4.2,,,,,
1039,,,,21.26,,,
1040,,,,,,5.09,
1041,7.53,3.41,1.71,22.22,27.19,4.97,84.8
1042,7.3,,,,,,
1043,,,,,,,87.4
1044,,,,,32.05,,
1045,,,1.74,,,,
1046,,,,35.2,,,
1047,,,,,32.33,,
1048,,,,,,,57.84
1049,,,1.46,,,,
1050,,,,,,4.5,
1051,,,,61.58,,,
1052,,,,,,,41.08
1053,10.71,,,,,,
1054,,,,,,4.71,
1055,,,,,,,51.85
1056,,,1.63,,,,
1057,8.66,,,,,,
1058,,,,,,5.42,
1059,,,,24.59,,,
1060,,,,,,5.35,
1061,,,,,,,85.89
1062,17.99,,,,,,
1063,,,,,,5.04,
1064,,,,,,5.95,
1065,,,,21.41,,,
1066,,,1.53,,,,
1067,,,,21.94,,,
1068,14.8,,,,,,
1069,11.86,,,,,,
1070,9.81,,,,,,
1071,,,,,,,53.73
1072,16.68,,,,,,
1073,,,,,,,47.23
1074,,,,99.04,,,
1075,,,,,163.67,,
1076,,,,,,10.93,
1077,,,1.62,,,,
1078,,,1.63,,,,
1079,,,,,36.22,,
1080,,,,43.05,,,
1081,,,,,,12.33,
1082,,,,,64.85,,
1083,,,,,,6.8,
1084,,,1.7,,,,
1085,,,,,,,65.78
1086,,,,30.92,,,
1087,,,,,,7.36,
1088,,,1.66,,,,
1089,,,1.69,,,,
1090,,,1.62,,,,
1091,,,,,30.07,,
1092,,,1.72,,,,
1093,7.46,,,,,,
1094,7.24,,,,,,
1095,,3.74,,,,,
1096,,,,59.55,,,
1097,,,,,,12.47,
1098,,,,,,,23.34
1099,,3.86,,,,,
1100,,,,,,,34.57
1101,,,,,,4.1,
1102,,,1.52,,,,
1103,,,,,94.08,,
1104,,,,,,,35.89
1105,,3.58,,,,,
1106,,,,42.59,,,
1107,,,,,,9.95,
1108,,,,,,8.11,
1109,,,,32.37,,,
1110,,,,,,,89.61
1111,,,,,39.56,,
1112,,,,,,,95.67
1113,,,2.09,,,,
1114,,,,,,8.9,
1115,,3.94,,,,,
1116,,,2.1,,,,
1117,,,,,,77.0,
1118,,,,,,,4.92
1119,,9.6,,,,,
1120,,10.71,,,,,
1121,,,,,,,4.95
1122,58.84,,,,,,
1123,,,,,,8.08,
1124,44.27,,,,,,
1125,,,,65.97,,,
1126,,,,,,,6.41
1127,,3.06,,,,,
1128,8.9,,,,,,
1129,8.13,,,,,,
1130,,,,,,,67.9
1131,,3.54,,,,,
1132,,,,,,11.37,
1133,,,,,,7.76,
1134,,3.17,,,,,
1135,,,,,,,70.74
1136,8.52,,,,,,
1137,,,,,,,88.15
1138,,3.04,,,,,
1139,,3.03,,,,,
1140,,,,,,,82.46
1141,,,,,25.03,,
1142,,,,23.54,,,
1143,8.29,,,,,,
1144,,3.98,,,,,
1145,,,,22.28,,,
1146,,,,25.61,,,
1147,,,1.26,,,,
1148,16.42,,,,,,
1149,,,,,,12.56,
1150,,,,,,,65.51
1151,,3.1,,,,,
1152,19.12,,,,,,
1153,,,,,,,77.2
1154,92.47,,,,,,
1155,,7.87,,,,,
1156,,,,,,11.22,
1157,,,2.59,,,,
1158,,,,,127.98,,
1159,66.78,5.97,1.94,49.03,62.02,13.0,86.18
1160,,,,,56.86,,
1161,,,,,46.01,,
1162,,,,,,16.1,
1163,,,,,40.29,,
1164,,,1.09,,,,
1165,,,,,55.64,,
1166,,,,,,5.37,
1167,,,,,,4.42,
1168,,,,,,12.25,
1169,,,,,,,64.68
1170,,,,,,17.37,
1171,,,,,72.82,,
1172,,,1.47,,,,
1173,,,,,,,48.56
1174,,3.56,,,,,
1175,12.2,,,,,,
1176,,,1.1,,,,
1177,,,,25.12,,,
1178,,,1.34,,,,
1179,,,,22.24,,,
1180,,,1.28,,,,
1181,6.55,,,,,,
1182,,,,23.11,,,
1183,7.94,,,,,,
1184,,,1.17,,,,
1185,,,,65.95,,,
1186,,,1.55,,,,
1187,,,2.15,,,,
1188,,,,,,21.82,
1189,34.82,,,,,,
1190,,,,,,,68.01
1191,,,,,,11.06,
1192,,,,31.62,,,
1193,,,,53.88,,,
1194,,,,,,,46.7
1195,,,,,,,68.12
1196,,,1.43,,,,
1197,,,,31.13,,,
1198,,,1.44,,,,
1199,,,1.43,,,,
1200,18.59,,,,,,
1201,,,,,56.56,,
1202,,,,,,,52.91
1203,,,,,,,59.87
1204,11.56,,,,,,
1205,,,,66.08,,,
1206,,,,,,9.26,
1207,,,,,,,14.03
1208,,3.09,,,,,
1209,,,,,46.86,,
1210,,,,38.37,,,
1211,,,1.4,,,,
1212,,,,,,,49.37
1213,,,,,40.52,,
1214,,,,61.47,,,
1215,,,,,,22.95,
1216,,,,,88.0,,
1217,,,,,,,97.95
1218,,5.13,,,,,
1219,,,,38.59,,,
1220,,,2.08,,,,
1221,,,,,89.39,,
1222,,3.51,,,,,
1223,,3.36,,,,,
1224,46.3,3.25,2.04,68.1,75.88,7.78,30.37
1225,,,,94.51,,,
1226,,,2.17,,,,
1227,,,,,,62.89,
1228,65.45,,,,,,
1229,,,,,,,22.17
1230,,,1.69,,,,
1231,,,,,,,15.04
1232,,,,,,35.42,
1233,,,1.75,,,,
1234,,,,,,,23.73
1235,,,2.18,,,,
1236,,,,73.04,,,
1237,,,,,53.92,,
1238,,,,,,,87.85
1239,63.64,,,,,,
1240,,10.47,,,,,
1241,,,1.38,,,,
1242,,,,,39.03,,
1243,,,,,,10.06,
1244,39.42,,,,,,
1245,31.39,,,,,,
1246,,,,,,,72.01
1247,,,,,33.24,,
1248,,3.49,,,,,
1249,,,1.31,,,,
1250,,,,,,,63.37
1251,,,,,15.06,,
1252,,,,,17.74,,
1253,,,,,13.13,,
1254,,3.42,,,,,
1255,,,,,,3.61,
1256,,,,,,,68.09
1257,11.02,,,,,,
1258,,,1.36,,,,
1259,16.49,,,,,,
1260,,,,,,,78.29
1261,,,,,,7.54,
1262,,,,19.23,,,
1263,,,,,,8.9,
1264,,,,,,,92.08
1265,15.41,,,,,,
1266,,,,25.82,,,
1267,,,1.83,,,,
1268,9.0,,,,,,
1269,8.07,,,,,,
1270,,,,,,,65.47
1271,,,,,,3.14,
1272,,,,,27.95,,
1273,13.34,,,,,,
1274,,,,,59.34,,
1275,,,,,77.3,,
1276,,,,,,,28.46
1277,19.25,,,,,,
1278,,,,41.42,,,
1279,,,,,77.55,,
1280,,,1.78,,,,
1281,,3.64,,,,,
1282,,,,39.1,,,
1283,36.6,,,,,,
1284,,,,,,14.17,
1285,,5.09,,,,,
1286,,,1.67,,,,
1287,,,,,21.05,,
1288,,5.52,,,,,
1289,,,,,,,55.02
1290,,4.52,,,,,
1291,,4.07,,,,,
1292,,,,23.55,,,
1293,,,,,,,17.9
1294,,,1.54,,,,
1295,,,,,,,33.79
1296,,,,,,,29.91
1297,,6.8,,,,,
1298,,,,,36.39,,
1299,,,,,,6.39,
1300,,,,14.94,,,
1301,19.83,,,,,,
1302,,3.71,,,,,
1303,,,,,30.2,,
1304,,,,,,5.41,
1305,,,,,20.28,,
1306,,,1.74,,,,
1307,,,,,17.95,,
1308,,3.56,,,,,
1309,,,,,,,82.86
1310,,3.27,,,,,
1311,,,1.63,,,,
1312,,,,,,5.5,
1313,,,,,,11.53,
1314,,,,44.12,,,
1315,,,,,,,18.82
1316,,,1.77,,,,
1317,,,,,,,0.6
1318,,,,,101.56,,
1319,,,,,,49.54,
1320,,,1.67,,,,
1321,,,,59.35,,,
1322,,,,,,,74.09
1323,41.05,7.64,1.73,53.58,66.69,13.1,68.44
1324,37.19,,,,,,
1325,,,,,,8.94,
1326,,,,,,,63.13
1327,,,2.64,,,,
1328,,,,,,6.52,
1329,,,,,,,22.7
1330,,,,,94.6,,
1331,,,1.63,,,,
1332,50.0,,,,,,
1333,,,,75.94,,,
1334,,,,,,26.88,
1335,,,,59.12,,,
1336,,,,,,12.25,
1337,,19.56,,,,,
1338,,,1.49,,,,
1339,,,,,,,69.38
1340,,8.82,,,,,
1341,,,,,120.97,,
1342,,,1.93,,,,
1343,,,1.76,,,,
1344,,,,74.11,,,
1345,,,,,,25.78,
1346,,,,,,,1.16
1347,,,,,,,1.87
1348,,,,,,,75.46
1349,,,1.75,,,,
1350,,10.6,,,,,
1351,,,1.67,,,,
1352,,,,,68.55,,
1353,,,1.67,,,,
1354,73.73,,,,,,
1355,74.19,,,,,,
1356,,,,,,,81.98
1357,,,,,,,72.52
1358,35.91,,,,,,
1359,,,,,,11.59,
1360,,3.72,,,,,
1361,,,,,65.28,,
1362,,,,56.27,,,
1363,44.86,,,,,,
1364,,,,,,,13.46
1365,,,,,,,13.38
1366,,,,67.11,,,
1367,,22.9,,,,,
1368,,,,,,30.48,
1369,,,,,,,26.7
1370,55.66,,,,,,
1371,,12.24,,,,,
1372,,,1.85,,,,
1373,,,,,,,91.68
1374,,10.39,,,,,
1375,,8.87,,,,,
1376,47.92,,,,,,
1377,,,,,,7.89,
1378,,,,,,23.4,
1379,,,,,,25.37,
1380,,,,,,,4.93
1381,,,,,,,4.72
1382,,,2.27,,,,
1383,,,2.37,,,,
1384,,,,156.13,,,
1385,,18.88,,,,,
1386,,,,,247.13,,
1387,,,1.74,,,,
1388,,,1.96,,,,
1389,,,,101.06,,,
1390,,,,,,50.03,
1391,,,,88.6,,,
1392,,,,,,12.68,
1393,,,,,60.26,,
1394,,,,,,,92.64
1395,,,,,53.62,,
1396,,,,,,,63.25
1397,,,,,,9.19,
1398,,,,96.27,,,
1399,,,,49.08,,,
1400,,,,,,,75.03
1401,,,,91.13,,,
1402,,3.98,,,,,
1403,39.38,,,,,,
1404,,3.56,,,,,
1405,,,,86.72,,,
1406,,,,,,,14.14
1407,,,,87.56,,,
1408,,,1.72,,,,
1409,,,,49.65,,,
1410,,,2.39,,,,
1411,,,,,106.89,,
1412,,,1.56,,,,
1413,,,1.65,,,,
1414,,21.96,,,,,
1415,,14.61,,,,,
1416,,,,23.38,,,
1417,,,,,,,114.82
1418,84.74,,,,,,
1419,,,,,,5.85,
1420,,5.58,,,,,
1421,,4.99,,,,,
1422,67.87,,,,,,
1423,,,1.88,,,,
1424,,,,,,2.14,
1425,,,,,29.88,,
1426,,3.9,,,,,
1427,,,,,,,67.91
1428,,,,,,1.81,
1429,,,1.57,,,,
1430,,4.52,,,,,
1431,,4.23,,,,,
1432,11.38,,,,,,
1433,,,,,12.99,,
1434,,,,11.34,,,
1435,,,1.69,,,,
1436,,,1.52,,,,
1437,,3.33,,,,,
1438,,,,,,4.44,
1439,,4.17,,,,,
1440,,,,,,3.36,
1441,,,,,,,114.82
1442,,3.52,,,,,
1443,38.11,,,,,,
1444,34.13,,,,,,
1445,,,,,,,88.78
1446,,,,,24.73,,
1447,,,1.81,,,,
1448,,,,,69.09,,
1449,,3.32,,,,,
1450,,,,,,2.26,
1451,,,,,,,75.35
1452,25.13,,,,,,
1453,,,,,6.67,,
1454,,3.88,,,,,
1455,14.64,,,,,,
1456,,,,,,5.46,
1457,,,,33.36,,,
1458,,4.6,,,,,
1459,,,1.7,,,,
1460,,,,,42.25,,
1461,,5.31,,,,,
1462,,,,,,7.4,
1463,,,1.85,,,,
1464,,,,44.33,,,
1465,,,1.84,,,,
1466,,,,34.04,,,
1467,,,,,61.43,,
1468,,,,86.12,,,
1469,23.52,,,,,,
1470,,,,,59.21,,
1471,,,,,,2.56,
1472,,,,51.69,,,
1473,,5.84,,,,,
1474,,,1.76,,,,
1475,,,,,56.16,,
1476,,,,,55.91,,
1477,29.48,,,,,,
1478,,11.28,,,,,
1479,,,,,,14.54,
1480,,,,,,12.27,
1481,67.4,,,,,,
1482,,,,49.21,,,
1483,,12.9,,,,,
1484,,,,62.26,,,
1485,,,2.46,,,,
1486,,20.76,,,,,
1487,,,,,,34.75,
1488,,17.72,,,,,
1489,66.33,,,,,,
1490,,,,75.49,,,
1491,,,,68.09,,,
1492,,,,,,18.81,
1493,36.81,,,,,,
1494,,,,,48.79,,
1495,,,,46.02,,,
1496,24.7,,,,,,
1497,,,,,,,90.86
1498,,,,31.36,,,
1499,,,,,,17.83,
1500,,,,,,,125.59
1501,80.84,,,,,,
1502,,,,,,,64.89
1503,,,,,,,31.6
1504,,,,,29.47,,
1505,,,1.63,,,,
1506,,,,,,1.11,
1507,,,1.63,,,,
1508,,6.26,,,,,
1509,,,,40.78,,,
1510,,,,,75.5,,
1511,,7.61,,,,,
1512,,,,,102.66,,
1513,,5.97,,,,,
1514,49.46,,,,,,
1515,,,,,,,52.93
1516,,,1.88,,,,
1517,,,,,,,62.82
1518,,,,,,,64.33
1519,,,,39.59,,,
1520,,,,46.57,,,
1521,,,,,,3.29,
1522,,,1.97,,,,
1523,27.34,,,,,,
1524,,,2.11,,,,
1525,,,,31.43,,,
1526,60.4,,,,,,
1527,,,1.95,,,,
1528,,,2.08,,,,
1529,,,2.1,,,,
1530,,,,,,13.08,
1531,,,,,,,46.58
1532,,,2.12,,,,
1533,,,,,125.52,,
1534,,,,85.07,,,
1535,78.08,,,,,,
1536,,,2.77,,,,
1537,,,2.76,,,,
1538,,,,,,5.01,
1539,,,,,46.08,,
1540,,,2.3,,,,
1541,,,2.16,,,,
1542,,,,21.73,,,
1543,,,,,,,32.51
1544,,,,,25.33,,
1545,20.12,,,,,,
1546,17.29,,,,,,
1547,,,2.01,,,,
1548,,,,,,,44.47
1549,,,2.01,,,,
1550,29.0,3.48,2.21,26.8,33.21,6.41,55.52
1551,,,2.26,,,,
1552,45.94,,,,,,
1553,,,,,,,5.08
1554,,,,,,,11.82
1555,,3.32,,,,,
1556,,3.68,,,,,
1557,,,,9.8,,,
1558,,,,4.89,,,
1559,,,,,,1.39,
1560,,,,,5.34,,
1561,29.92,,,,,,
1562,,,,,40.48,,
1563,,,,,22.05,,
1564,,,,,,,82.11
1565,,4.42,,,,,
1566,,,,,,3.73,
1567,,,,,,,86.26
1568,,,2.55,,,,
1569,27.02,,,,,,
1570,,,,39.1,,,
1571,,,,,,,19.67
1572,35.59,,,,,,
1573,58.59,,,,,,
1574,,,,,,,1.79
1575,150.32,,,,,,
1576,,,,106.13,,,
1577,,,,,,48.24,
1578,,40.32,,,,,
1579,,,,,,23.08,
1580,69.99,,,,,,
1581,,,,,113.87,,
1582,,,,88.01,,,
1583,81.26,,,,,,
1584,,,,30.33,,,
1585,,,,,,,74.13
1586,,,,,,,75.15
1587,,,,32.63,,,
1588,,,2.68,,,,
1589,,4.68,,,,,
1590,,,2.68,,,,
1591,,,,46.72,,,
1592,,,2.39,,,,
1593,29.39,,,,,,
1594,34.18,,,,,,
1595,,,,104.85,,,
1596,,,,107.26,,,
1597,,,,,147.53,,
1598,,,,,,,8.27
1599,,14.93,,,,,
1600,45.97,,,,,,
1601,,10.37,,,,,
1602,,,,,,19.52,
1603,,,,,,,59.3
1604,,,,,69.06,,
1605,44.63,,,,,,
1606,42.8,,,,,,
1607,,,,,,,30.41
1608,,,2.19,,,,
1609,,,2.35,,,,
1610,,,2.2,,,,
1611,,,,28.4,,,
1612,,,,,53.97,,
1613,,,2.26,,,,
1614,,,,,,,64.38
1615,,,,,,,46.28
1616,,,,,67.99,,
1617,,,,66.48,,,
1618,,,,,,28.76,
1619,,,,,,,53.7
1620,,,2.75,,,,
1621,,,,,,,55.75
1622,,,,,,11.86,
1623,,,,,,6.22,
1624,,,2.44,,,,
1625,,,2.52,,,,
1626,,6.71,,,,,
1627,,,2.05,,,,
1628,,,2.17,,,,
1629,,,,,,,38.91
1630,,,,,,2.71,
1631,,,,,12.55,,
1632,,,,,15.41,,
1633,,,,,41.81,,
1634,,,2.16,,,,
1635,,,,,,,27.43
1636,,,,,,,38.98
1637,32.69,,,,,,
1638,37.48,,,,,,
1639,,,,,,,69.2
1640,,,,,26.87,,
1641,31.54,,,,,,
1642,,,,,25.12,,
1643,,,,,,7.08,
1644,,,2.33,,,,
1645,,,,,,8.59,
1646,,,,,,8.65,
1647,,,,,,7.9,
1648,22.12,,,,,,
1649,,,2.34,,,,
1650,,,,51.41,,,
1651,,,,,,25.76,
1652,,,2.63,,,,
1653,46.12,,,,,,
1654,,,2.24,,,,
1655,,,,26.85,,,
1656,,,,,,18.69,
1657,,,,,61.77,,
1658,,,,30.11,,,
1659,,,,,37.8,,
1660,,,2.32,,,,
1661,16.86,,,,,,
1662,,,,30.3,,,
1663,,,2.57,,,,
1664,,,,,47.79,,
1665,,,,,,,73.57
1666,,4.16,,,,,
1667,,,2.8,,,,
1668,,,,,64.1,,
1669,,,,,69.17,,
1670,,,,,,7.43,
1671,,,,20.43,,,
1672,,,,23.15,,,
1673,,,,20.83,,,
1674,,,,22.04,,,
1675,,,,,,10.0,
1676,,,,31.14,,,
1677,,,,,53.22,,
1678,,,2.87,,,,
1679,,3.62,,,,,
1680,,,,26.5,,,
1681,,,2.72,,,,
1682,,4.04,,,,,
1683,,,,,,3.05,
1684,,,,,,3.29,
1685,,4.96,,,,,
1686,,,2.69,,,,
1687,,,2.82,,,,
1688,,,,,,,46.0
1689,,,,,,10.46,
1690,22.59,,,,,,
1691,21.47,7.34,2.75,25.64,35.31,9.67,65.11
1692,,6.04,,,,,
1693,,5.12,,,,,
1694,,4.53,,,,,
1695,,,,,28.01,,
1696,,,,,,,79.95
1697,42.2,,,,,,
1698,,,,,33.0,,
1699,,,,,35.38,,
1700,,,,,,,66.26
1701,,,,,,,61.23
1702,,,,,91.86,,
1703,,,,70.71,,,
1704,,,2.88,,,,
1705,,,,,34.43,,
1706,25.14,,,,,,
1707,,,,17.44,,,
1708,,,,,,3.19,
1709,,3.64,,,,,
1710,,4.11,,,,,
1711,,4.0,,,,,
1712,,,,77.05,,,
1713,38.84,,,,,,
1714,,,2.76,,,,
1715,,,,,,,46.09
1716,,,,,59.2,,
1717,,,2.91,,,,
1718,,,,23.89,,,
1719,,8.09,,,,,
1720,,,,,,,91.77
1721,,6.21,,,,,
1722,,,,21.12,,,
1723,,4.85,,,,,
1724,,4.96,,,,,
1725,25.31,,,,,,
1726,,,3.21,,,,
1727,,,,,,4.87,
1728,,,,,,,13.17
1729,,,3.85,,,,
1730,,8.27,,,,,
1731,,15.44,,,,,
1732,,,,102.58,,,
1733,,,,,153.79,,
1734,,,,102.14,,,
1735,,,,,,,32.17
1736,,14.29,,,,,
1737,,14.43,,,,,
1738,,13.09,,,,,
1739,,,,,,,101.12
1740,,,3.02,,,,
1741,,,,,,4.4,
1742,,,3.07,,,,
1743,,5.12,,,,,
1744,,,,,,,20.34
1745,,5.21,,,,,
1746,,,,75.56,,,
1747,,5.33,,,,,
1748,,,,,,,40.64
1749,,,,,66.75,,
1750,,,,,,10.27,
1751,50.2,,,,,,
1752,,,,,,,96.64
1753,43.04,,,,,,
1754,43.31,,,,,,
1755,,,,,,,75.45
1756,,,,,27.57,,
1757,,,,,,5.89,
1758,,,,,,,77.2
1759,,,2.77,,,,
1760,,,2.81,,,,
1761,,,,,,3.92,
1762,,,,,,4.4,
1763,,,,,,4.02,
1764,,,2.52,,,,
1765,,,,,,,48.38
1766,,,2.72,,,,
1767,,,,,15.75,,
1768,,,,,,,47.3
1769,,,,23.41,,,
1770,,,,,,,55.5
1771,,,,,,,54.47
1772,13.83,,,,,,
1773,14.41,,,,,,
1774,,,,,11.41,,
1775,16.0,,,,,,
1776,,,,16.0,,,
1777,,,,,,,36.31
1778,,,,11.61,,,
1779,12.41,,,,,,
1780,11.27,,,,,,
1781,,,,,,3.09,
1782,,,,,,,30.01
1783,,,,,,3.4,
1784,,,,,24.22,,
1785,,4.65,,,,,
1786,,,,,,,63.54
1787,,,,14.8,,,
1788,,,,13.42,,,
1789,,,,,,4.05,
1790,27.41,,,,,,
1791,,,,,9.89,,
1792,25.7,,,,,,
1793,,,,17.76,,,
1794,,,,,,,53.59
1795,,,,,,5.97,
1796,,,,,,,111.68
1797,,4.87,,,,,
1798,,,3.06,,,,
1799,,,,9.27,,,
1800,,,,,,4.19,
1801,,,,,,,77.22
1802,,,,6.43,,,
1803,,,,,,2.87,
1804,,,,,14.44,,
1805,,,,,,,52.12
1806,,3.24,,,,,
1807,12.26,,,,,,
1808,,,,12.68,,,
1809,,,,,,,43.99
1810,8.47,,,,,,
1811,8.05,,,,,,
1812,,,3.12,,,,
1813,,,3.02,,,,
1814,,,,,,,47.52
1815,,3.24,,,,,
1816,,,,,,2.7,
1817,,,,6.99,,,
1818,,,,,,3.22,
1819,,,,,9.3,,
1820,,,,6.19,,,
1821,,,,,9.71,,
1822,,3.02,,,,,
1823,,3.01,,,,,
1824,,,,,8.37,,
1825,,3.74,,,,,
1826,,,,,,2.19,
1827,,16.47,,,,,
1828,,,,,,7.7,
1829,,15.25,,,,,
1830,,11.86,,,,,
1831,35.38,,,,,,
1832,30.76,,,,,,
1833,,,3.37,,,,
1834,,,,,,,51.92
1835,,,,,,3.23,
1836,,,,,,3.17,
1837,,,,,,3.36,
1838,,8.02,,,,,
1839,,,,,10.46,,
1840,,,,,9.9,,
1841,,,,23.23,,,
1842,,,,,,7.09,
1843,,13.88,,,,,
1844,,,,,58.71,,
1845,,,,,28.78,,
1846,,,,20.84,,,
1847,,8.1,,,,,
1848,,,,20.47,,,
1849,,,3.41,,,,
1850,,4.75,,,,,
1851,45.34,,,,,,
1852,,,,,,,69.75
1853,,,,,,,65.59
1854,,,,,,,59.41
1855,,,,,,,26.41
1856,,4.21,,,,,
1857,,,,,29.49,,
1858,,,2.99,,,,
1859,,4.76,,,,,
1860,,,,,,3.69,
1861,35.45,,,,,,
1862,,,,,12.85,,
1863,,,3.06,,,,
1864,,,,,,,40.99
1865,,,,34.53,,,
1866,,,,,,9.54,
1867,,,,,33.6,,
1868,,,,,34.24,,
1869,,,3.02,,,,
1870,38.8,,,,,,
1871,32.27,,,,,,
1872,,,,,,7.85,
1873,,,,,32.85,,
1874,,,3.36,,,,
1875,49.46,3.62,3.24,26.62,33.52,6.9,54.39
1876,,,,,,4.56,
1877,,,,,,3.85,
1878,,,,,,5.48,
1879,,,,,25.6,,
1880,46.11,,,,,,
1881,42.89,,,,,,
1882,39.19,,,,,,
1883,,,,17.09,,,
1884,,,,,,3.54,
1885,34.46,4.76,3.0,20.87,27.47,6.61,68.19
1886,37.16,,,,,,
1887,,,,24.46,,,
1888,,,3.03,,,,
1889,,5.14,,,,,
1890,,,,,23.38,,
1891,,,,22.86,,,
1892,,,,,,3.93,
1893,,,,,,,74.1
1894,,,,,21.55,,
1895,,,3.05,,,,
1896,,4.01,,,,,
1897,,,,17.76,,,
1898,,,2.96,,,,
1899,,,2.96,,,,
1900,,3.95,,,,,
1901,,,2.95,,,,
1902,,,,,15.14,,
1903,7.03,,,,,,
1904,,,,,12.43,,
1905,,,,,,2.81,
1906,,,,,,3.0,
1907,,3.89,,,,,
1908,,3.62,,,,,
1909,,,,,12.44,,
1910,,3.3,,,,,
1911,,,,,,4.17,
1912,,,,,13.44,,
1913,7.69,,,,,,
1914,7.63,,,,,,
1915,,,,,,,90.33
1916,,,,20.53,,,
1917,,,,,,,33.1
1918,,,3.15,,,,
1919,,,,,31.37,,
1920,,,,,29.99,,
1921,,4.22,,,,,
1922,,,,,,,16.72
1923,,,,,15.93,,
1924,9.38,,,,,,
1925,,,,,,3.12,
1926,,3.42,,,,,
1927,,,2.89,,,,
1928,,,,26.27,,,
1929,,,,,,,55.27
1930,,3.9,,,,,
1931,,,,,,,60.06
1932,,,,,,,59.26
1933,22.09,,,,,,
1934,,,,,26.92,,
1935,,,,,,,57.77
1936,,,3.14,,,,
1937,,,,,,,52.55
1938,,,,,13.73,,
1939,,,3.1,,,,
1940,16.86,,,,,,
1941,,,3.02,,,,
1942,,,2.93,,,,
1943,,,,,,,35.85
1944,,,,,,3.82,
1945,26.4,,,,,,
1946,,,,,74.19,,
1947,,,,,,,12.39
1948,,,3.29,,,,
1949,,,3.16,,,,
1950,,,,,52.91,,
1951,,4.49,,,,,
1952,,,,,36.99,,
1953,,,,,,,72.83
1954,,,3.2,,,,
1955,,,,16.68,,,
1956,,,,25.58,,,
1957,27.79,,,,,,
1958,,4.46,,,,,
1959,,,,,,3.59,
1960,,,,,,3.47,
1961,29.85,,,,,,
1962,,,3.29,,,,
1963,24.3,,,,,,
1964,,3.65,,,,,
1965,,,,,,4.02,
1966,,,,,34.3,,
1967,,,,,,,7.59
1968,,,3.17,,,,
1969,,,,,91.48,,
1970,,,,,,25.86,
1971,73.68,,,,,,
1972,,9.92,,,,,
1973,,,,21.53,,,
1974,,,3.2,,,,
1975,,5.86,,,,,
1976,,,,24.95,,,
1977,,,3.22,,,,
1978,32.96,,,,,,
1979,,,,,33.59,,
1980,,,,,,,36.68
1981,,,,,,3.54,
1982,30.62,7.59,2.9,20.15,23.73,3.58,48.65
1983,,,,,,3.22,
1984,,,,18.5,,,
1985,,,,,,3.44,
1986,,5.97,,,,,
1987,,,,25.43,,,
1988,,,3.26,,,,
1989,,,,,81.1,,
1990,,,,,,19.11,
1991,,,,23.44,,,
1992,,17.86,,,,,
1993,,,,,,5.52,
1994,,,3.26,,,,
1995,,,,12.77,,,
1996,,,,,24.77,,
1997,,,,,,5.54,
1998,,,,,,,81.52
1999,,5.18,,,,,
2000,,,,,,5.1,
2001,,4.07,,,,,
2002,,,3.16,,,,
2003,,,3.1,,,,
2004,,,,,,3.72,
2005,,,,,40.85,,
2006,,,,15.18,,,
2007,,,,,,,53.4
2008,,,,,,,4.96
2009,23.17,,,,,,
2010,,7.41,,,,,
2011,,10.45,,,,,
2012,,,3.44,,,,
2013,,,,,,46.7,
2014,,23.85,,,,,
2015,,,,,,15.41,
2016,,,,,,12.71,
2017,,,,,,7.06,
2018,,,3.26,,,,
2019,,,,,,,75.17
2020,,,3.29,,,,
2021,,,,,,6.56,
2022,,,,,30.65,,
2023,,,,,,,47.8
2024,,,,,32.4,,
2025,,4.13,,,,,
2026,,,,20.72,,,
2027,,,2.96,,,,
2028,,3.63,,,,,
2029,44.99,,,,,,
2030,46.42,,,,,,
2031,,,,,23.93,,
2032,82.09,,,,,,
2033,,,,,98.46,,
2034,,,3.01,,,,
2035,,16.96,,,,,
2036,,13.25,,,,,
2037,,,,,,4.11,
2038,,,,,,4.37,
2039,,,,,,,89.38
2040,,,,,15.73,,
2041,,,,,,3.28,
2042,,4.65,,,,,
2043,,,,,13.44,,
2044,,,,15.42,,,
2045,,4.0,,,,,
2046,,,,,14.66,,
2047,,,,,,4.7,
2048,,,2.88,,,,
2049,,3.84,,,,,
2050,17.02,,,,,,
2051,,4.47,,,,,
2052,,,,,,,68.1
2053,,,,,9.01,,
2054,11.64,3.54,2.82,4.99,7.2,2.21,68.14
2055,,,2.73,,,,
2056,9.49,3.89,2.88,7.44,10.4,2.97,51.65
2057,,,,10.02,,,
2058,,,,,,,61.84
2059,14.83,,,,,,
2060,,,,,,3.12,
2061,12.35,,,,,,
2062,,,,7.26,,,
2063,,,2.9,,,,
2064,,,,,,,83.69
2065,,,,,10.79,,
2066,,,2.99,,,,
2067,,4.77,,,,,
2068,,,,11.24,,,
2069,9.36,,,,,,
2070,8.89,,,,,,
2071,,,,,,2.6,
2072,,,,,,,48.98
2073,,,2.82,,,,
2074,,,,,,,54.67
2075,14.22,,,,,,
2076,,,,,,2.36,
2077,,,,,7.84,,
2078,,,,,,2.98,
2079,,,,,,6.91,
2080,,,,26.71,,,
2081,,3.93,,,,,
2082,,,,,,,80.42
2083,,5.12,,,,,
2084,,,3.01,,,,
2085,,,,,,7.24,
2086,,,,,26.29,,
2087,,,,,,9.59,
2088,31.74,,,,,,
2089,,,3.21,,,,
2090,,5.03,,,,,
2091,27.28,,,,,,
2092,,,,28.03,,,
2093,,4.62,,,,,
2094,,,,,,2.61,
2095,,,,,,2.46,
2096,,,,,,2.62,
2097,,,,,,,61.51
2098,,,,5.53,,,
2099,13.22,,,,,,
2100,,,,,,,65.4
2101,,5.04,,,,,
2102,10.41,,,,,,
2103,,,,,,10.42,
2104,,,,,36.46,,
2105,,,,,,6.6,
2106,,,3.15,,,,
2107,,,,,,,86.05
2108,,,,,25.55,,
2109,,,,,,,86.32
2110,,6.45,,,,,
2111,28.79,,,,,,
2112,,,,32.87,,,
2113,,4.27,,,,,
2114,,,,,,,57.74
2115,,,3.04,,,,
2116,,,3.08,,,,
2117,,,,,,,61.18
2118,27.31,,,,,,
2119,,,,,11.81,,
2120,23.14,,,,,,
2121,19.68,,,,,,
2122,,,,,,,55.11
2123,,,,,,,51.21
2124,,,,,,,53.43
2125,,,,,25.58,,
2126,,,2.96,,,,
2127,15.32,,,,,,
2128,,,,,,,78.6
2129,,,,,31.6,,
2130,,,,19.12,,,
2131,,,,20.92,,,
2132,,,,,,7.76,
2133,,3.49,,,,,
2134,,3.57,,,,,
2135,,,3.34,,,,
2136,,4.6,,,,,
2137,38.64,,,,,,
2138,36.56,,,,,,
2139,,,,31.88,,,
2140,,,,19.24,,,
2141,,,,,18.85,,
2142,29.02,,,,,,
2143,,,,12.94,,,
2144,,,2.75,,,,
2145,,5.52,,,,,
2146,21.03,,,,,,
2147,,,2.81,,,,
2148,,,,,,,50.73
2149,,,,18.66,,,
2150,,,,,33.96,,
2151,,,2.86,,,,
2152,,,,,,,77.02
2153,36.94,,,,,,
2154,,4.71,,,,,
2155,,,3.02,,,,
2156,,4.06,,,,,
2157,,,,,,,113.59
2158,,,3.45,,,,
2159,,,,,,7.51,
2160,,,,41.69,,,
2161,,,,,,,55.77
2162,,,,28.64,,,
2163,,,,,36.48,,
2164,,,,,,,61.91
2165,,4.27,,,,,
2166,,,,,,2.97,
2167,,,,37.14,,,
2168,,,3.27,,,,
2169,,,,,,,9.95
2170,,,3.27,,,,
2171,32.74,,,,,,
2172,,,,,,30.96,
2173,,,3.17,,,,
2174,,,3.13,,,,
2175,,,3.15,,,,
2176,67.16,,,,,,
2177,,,3.18,,,,
2178,,,,,34.99,,
2179,,,,27.67,,,
2180,,,,,,,66.03
2181,,,,,,4.54,
2182,,5.94,,,,,
2183,,,2.88,,,,
2184,,,2.88,,,,
2185,,4.4,,,,,
2186,,5.09,,,,,
2187,,,,,,,50.46
2188,,,,,16.26,,
2189,,,,,,,58.49
2190,,,,,,,54.1
2191,,3.87,,,,,
2192,,,,,58.7,,
2193,,,,,,8.91,
2194,,,,,,,36.72
2195,,,,,69.45,,
2196,34.03,,,,,,
2197,,,2.99,,,,
2198,39.64,,,,,,
2199,,,2.89,,,,
2200,,,,,,5.07,
2201,,,2.92,,,,
2202,,,,,,4.8,
2203,,6.18,,,,,
2204,,,,,,,90.54
2205,,5.25,,,,,
2206,,,,,,3.52,
2207,,,,,,2.89,
2208,,,,,,2.93,
2209,,,,,28.5,,
2210,23.95,,,,,,
2211,,,,59.08,,,
2212,,,,57.4,,,
2213,22.39,,,,,,
2214,,,,66.19,,,
2215,,12.3,,,,,
2216,,,,,,13.47,
2217,44.32,,,,,,
2218,,17.63,,,,,
2219,,16.15,,,,,
2220,,,,,21.77,,
2221,,,3.0,,,,
2222,,,3.02,,,,
2223,38.34,,,,,,
2224,,,,,,,72.4
2225,,,2.92,,,,
2226,,,,,11.84,,
2227,,,,,,2.82,
2228,,,,12.36,,,
2229,,4.47,,,,,
2230,,4.28,,,,,
2231,,,,12.88,,,
2232,,,,10.56,,,
2233,,,,12.38,,,
2234,,,,22.17,,,
2235,,,,18.12,,,
2236,39.71,,,,,,
2237,,,,20.07,,,
2238,30.09,,,,,,
2239,,,,,28.89,,
2240,,,,,,,69.53
2241,,4.02,,,,,
2242,,,,16.85,,,
2243,,,,,16.06,,
2244,,,,,,,48.51
2245,,,,12.46,,,
2246,,,,,,,53.77
2247,,,,,11.15,,
2248,19.71,,,,,,
2249,,,,,8.16,,
2250,13.87,,,,,,
2251,,,,,8.05,,
2252,,,,9.23,,,
2253,10.6,,,,,,
2254,,,,,24.33,,
2255,,,,,37.67,,
2256,,,,,,,65.72
2257,,,,,,7.33,
2258,,,,33.63,,,
2259,,,2.86,,,,
2260,,,,,33.32,,
2261,,10.66,,,,,
2262,,,,,,,91.43
2263,,,,,,,98.21
2264,,,3.28,,,,
2265,,,,,,5.25,
2266,,,,,46.68,,
2267,,,,,,,70.11
2268,,,,50.6,,,
2269,,,,27.04,,,
2270,,,,,,,66.42
2271,,,,,,,67.81
2272,,,,,14.54,,
2273,,,2.91,,,,
2274,,,,,,14.67,
2275,,,,93.8,,,
2276,,,3.24,,,,
2277,,,,68.8,,,
2278,,,3.28,,,,
2279,61.23,,,,,,
2280,,,3.12,,,,
2281,,,3.39,,,,
2282,,8.3,,,,,
2283,,,,,,5.99,
2284,,5.68,,,,,
2285,,,3.41,,,,
2286,,4.86,,,,,
2287,,4.49,,,,,
2288,,,3.5,,,,
2289,,,,,281.56,,
2290,,,,,,,8.89
2291,103.15,,,,,,
2292,86.38,,,,,,
2293,97.61,,,,,,
2294,,,,138.25,,,
2295,,20.62,,,,,
2296,,,,86.42,,,
2297,,,,112.21,,,
2298,,,,,,71.71,
2299,112.84,,,,,,
2300,,38.78,,,,,
2301,,,,81.35,,,
2302,,,,56.12,,,
2303,,26.99,,,,,
2304,,,,,,,85.37
2305,,14.75,,,,,
2306,,,,,33.85,,
2307,97.07,9.84,4.0,35.07,42.43,7.36,84.58
2308,,,3.41,,,,
2309,,,,,17.8,,
2310,107.02,,,,,,
2311,,,,,,2.34,
2312,26.13,,,,,,
2313,,,,,6.5,,
2314,15.35,,,,,,
2315,,,,,,1.97,
2316,,,,,,,69.3
2317,,,,,,5.72,
2318,18.06,,,,,,
2319,19.62,,,,,,
2320,,,,,29.98,,
2321,,,2.67,,,,
2322,,5.12,,,,,
2323,,,,,29.06,,
2324,13.3,,,,,,
2325,12.31,,,,,,
2326,,,,,30.07,,
2327,,,,,,2.55,
2328,,3.76,,,,,
2329,15.14,,,,,,
2330,,,,,,2.44,
2331,,,,14.57,,,
2332,,4.11,,,,,
2333,,,,,,2.4,
2334,9.65,,,,,,
2335,,,,,,2.34,
2336,7.46,,,,,,
2337,7.36,,,,,,
2338,,,,,34.3,,
2339,,4.4,,,,,
2340,28.1,,,,,,
2341,,,,,,,73.69
2342,,,,,29.64,,
2343,,,2.68,,,,
2344,,,2.66,,,,
2345,,,3.21,,,,
2346,58.29,13.62,3.03,30.39,35.9,5.51,106.08
2347,,12.65,,,,,
2348,,10.63,,,,,
2349,,,,,44.08,,
2350,45.06,,,,,,
2351,,,,26.0,,,
2352,,,2.96,,,,
2353,,,,,,,60.07
2354,,,,,,,60.4
2355,32.49,,,,,,
2356,,,,,,,61.9
2357,,,,,8.68,,
2358,,,,,8.56,,
2359,,,,6.09,,,
2360,,,,6.47,,,
2361,,,,,,,55.29
2362,,,,,16.13,,
2363,33.15,,,,,,
2364,27.14,,,,,,
2365,,,,,,3.28,
2366,,,,,,2.72,
2367,,,2.73,,,,
2368,,,2.79,,,,
2369,22.06,,,,,,
2370,,,,11.83,,,
2371,,,,,,3.07,
2372,40.67,,,,,,
2373,32.54,3.48,2.88,34.58,38.33,3.75,53.45
2374,,,2.67,,,,
2375,,,2.58,,,,
2376,,,,,,2.44,
2377,,,,13.59,,,
2378,25.6,,,,,,
2379,,,2.43,,,,
2380,17.56,,,,,,
2381,,,,4.32,,,
2382,,,,,,,56.35
2383,,,,,17.55,,
2384,,,,,30.07,,
2385,,,2.58,,,,
2386,,,,,,7.21,
2387,,,3.03,,,,
2388,,,,26.29,,,
2389,,,2.97,,,,
2390,,,,,39.86,,
2391,,,,,57.28,,
2392,,,,73.08,,,
2393,,4.21,,,,,
2394,,,,,,3.01,
2395,,,,22.15,,,
2396,,,1.86,,,,
2397,,4.3,,,,,
2398,,,,,124.89,,
2399,35.86,,,,,,
2400,,11.9,,,,,
2401,,,,,,,11.1
2402,,,2.18,,,,
2403,,,,,88.36,,
2404,,,,54.09,,,
2405,52.14,,,,,,
2406,67.93,,,,,,
2407,,6.39,,,,,
2408,26.49,5.37,2.2,25.65,32.92,7.26,79.34
2409,,,,,,5.72,
2410,,,,,26.65,,
2411,,,,,23.57,,
2412,,,1.99,,,,
2413,,,,24.78,,,
2414,,,,,,2.48,
2415,,,,,,2.55,
2416,,,1.94,,,,
2417,,4.47,,,,,
2418,,,1.72,,,,
2419,,4.25,,,,,
2420,,,1.88,,,,
2421,,,1.76,,,,
2422,,,,,,,54.9
2423,,,,,,,63.95
2424,,,,,,,76.77
2425,,,2.3,,,,
2426,,,2.26,,,,
2427,,,,,,,54.05
2428,48.26,,,,,,
2429,,,2.34,,,,
2430,,,2.22,,,,
2431,,,,,,,42.73
2432,,,,29.48,,,
2433,33.52,,,,,,
2434,,3.81,,,,,
2435,,,1.95,,,,
2436,,,,,,2.01,
2437,,,,6.45,,,
2438,,,,,11.25,,
2439,,,,,12.51,,
2440,57.11,,,,,,
2441,,,,28.39,,,
2442,,,,,,4.88,
2443,,,,21.06,,,
2444,,,,22.31,,,
2445,,3.22,,,,,
2446,,,,34.65,,,
2447,,,,,55.57,,
2448,,,,,146.72,,
2449,46.17,,,,,,
2450,,,,,107.2,,
2451,,,,,,,13.83
2452,,,,,,,2.48
2453,,,,,,143.79,
2454,,,,137.38,,,
2455,,,3.17,,,,
2456,,,,,,54.04,
2457,,,,,,55.21,
2458,,,2.98,,,,
2459,,,,,,36.31,
2460,,,,,,22.63,
2461,,,,,,,85.24
2462,,,,,,,95.74
2463,,,,14.56,,,
2464,,,2.31,,,,
2465,,,2.42,,,,
2466,,,,13.86,,,
2467,,,,18.02,,,
2468,33.46,,,,,,
2469,,,,,,5.01,
2470,,4.32,,,,,
2471,,,,,,17.1,
2472,,,,103.86,,,
2473,,,,111.04,,,
2474,,,,,,,5.02
2475,,,,,,4.56,
2476,,,,,,5.32,
2477,,5.88,,,,,
2478,,,,,,4.61,
2479,,,,,30.77,,
2480,,,2.14,,,,
2481,,,,47.79,,,
2482,,13.57,,,,,
2483,,,,,,8.37,
2484,,,,28.09,,,
2485,,,,,23.39,,
2486,,,,,,5.39,
2487,,,,21.36,,,
2488,,,,,32.29,,
2489,,,,,,,79.51
2490,,,2.86,,,,
2491,55.15,,,,,,
2492,,5.58,,,,,
2493,,,,,,4.02,
2494,,4.32,,,,,
2495,,,,,,3.38,
2496,,7.81,,,,,
2497,,7.81,,,,,
2498,,,,,,3.8,
2499,,,,,52.3,,
2500,49.63,,,,,,
2501,,,,52.28,,,
2502,51.06,,,,,,
2503,,,,,42.11,,
2504,,,,,50.25,,
2505,,,,,,13.68,
2506,,7.37,,,,,
2507,,,,28.5,,,
2508,,,2.74,,,,
2509,,,2.86,,,,
2510,,,,,31.5,,
2511,,,,,32.02,,
2512,,,,,37.78,,
2513,,,,,,,35.98
2514,,,,,21.82,,
2515,,6.33,,,,,
2516,,,,,,2.82,
2517,59.65,,,,,,
2518,,,,11.08,,,
2519,,,,,8.57,,
2520,,,,,,2.78,
2521,24.25,,,,,,
2522,18.71,4.13,2.73,4.98,7.55,2.57,27.94
2523,,,2.64,,,,
2524,,3.98,,,,,
2525,,,2.64,,,,
2526,,,,,,5.84,
2527,,,2.89,,,,
2528,40.65,,,,,,
2529,,4.15,,,,,
2530,,,,,,,97.71
2531,,,,,,5.81,
2532,,,,28.55,,,
2533,42.89,,,,,,
2534,,,2.84,,,,
2535,42.68,,,,,,
2536,39.58,,,,,,
2537,,,,,,2.58,
2538,31.9,,,,,,
2539,,,,,,2.51,
2540,32.33,,,,,,
2541,,,,,7.43,,
2542,,,,,,,23.39
2543,,,2.56,,,,
2544,,,2.57,,,,
2545,,,,,27.89,,
2546,,,,,,6.98,
2547,67.42,,,,,,
2548,,6.52,,,,,
2549,,,,,,,36.76
2550,,,,21.12,,,
2551,,,,10.0,,,
2552,,,,,,2.74,
2553,27.79,,,,,,
2554,,,,,,,38.47
2555,,5.33,,,,,
2556,28.64,,,,,,
2557,33.17,,,,,,
2558,,4.84,,,,,
2559,,7.22,,,,,
2560,34.14,,,,,,
2561,,,,17.06,,,
2562,,7.58,,,,,
2563,,,,19.03,,,
2564,,,2.83,,,,
2565,,,,13.27,,,
2566,,,,,15.05,,
2567,,,,,,,28.46
2568,,,,,,,21.67
2569,,,2.8,,,,
2570,,,,7.49,,,
2571,,,,,,2.91,
2572,,,,,,,23.9
2573,,,,4.7,,,
2574,,,,,,2.22,
2575,26.22,4.18,2.91,17.74,23.73,5.99,1.2
2576,,,,,,,87.31
2577,,,,,,,96.39
2578,,,2.96,,,,
2579,,4.42,,,,,
2580,40.43,,,,,,
2581,,,,,,,23.11
2582,,,,10.17,,,
2583,,,,,9.93,,
2584,,,,,,1.93,
2585,,,,,6.9,,
2586,,,,,6.32,,
2587,,,,,,,22.29
2588,,,,4.16,,,
2589,,,,,,2.42,
2590,22.33,,,,,,
2591,,,,,,,106.46
2592,,,,14.02,,,
2593,,5.15,,,,,
2594,,,,10.25,,,
2595,,,,,12.65,,
2596,,,,,,2.15,
2597,,,3.22,,,,
2598,,,,,,,52.25
2599,,,,,27.92,,
2600,49.62,,,,,,
2601,,,,,,,46.57
2602,,,,,,,46.4
2603,,,2.76,,,,
2604,31.19,,,,,,
2605,31.99,,,,,,
2606,,3.89,,,,,
2607,,,,,9.7,,
2608,22.09,,,,,,
2609,,,,,,,54.81
2610,,3.56,,,,,
2611,,,,,,7.96,
2612,,,3.24,,,,
2613,71.54,8.06,3.24,37.12,46.58,9.46,71.91
2614,,,,,,,74.6
2615,,7.83,,,,,
2616,,,3.63,,,,
2617,,,,,41.38,,
2618,52.37,,,,,,
2619,,4.8,,,,,
2620,,,,23.17,,,
2621,45.83,,,,,,
2622,,,,,,,69.37
2623,,4.5,,,,,
2624,,,,6.18,,,
2625,,4.88,,,,,
2626,39.02,,,,,,
2627,,5.47,,,,,
2628,53.29,,,,,,
2629,,,,,,,72.39
2630,62.87,,,,,,
2631,56.6,,,,,,
2632,51.61,,,,,,
2633,,5.1,,,,,
2634,,,,,,,55.25
2635,,,3.62,,,,
2636,,,3.42,,,,
2637,,,,46.39,,,
2638,,,,,40.58,,
2639,,,3.39,,,,
2640,,,3.39,,,,
2641,,,3.38,,,,
2642,,,,,,7.62,
2643,,,,,,2.6,
2644,,,3.26,,,,
2645,,4.91,,,,,
2646,35.7,,,,,,
2647,,4.59,,,,,
2648,,8.58,,,,,
2649,,,,30.1,,,
2650,,,,,32.27,,
2651,,,,,,6.15,
2652,,,,29.08,,,
2653,73.88,,,,,,
2654,,,3.48,,,,
2655,,8.77,,,,,
2656,92.68,8.89,3.29,44.87,51.9,7.03,56.44
2657,,,,,,,47.33
2658,,,,,,,17.04
2659,,,,55.59,,,
2660,,,,,36.71,,
2661,52.04,,,,,,
2662,,,,,,,44.28
2663,43.45,,,,,,
2664,,,2.84,,,,
2665,,,,,8.21,,
2666,,,2.76,,,,
2667,,,,15.09,,,
2668,,,,,,,16.96
2669,,,3.09,,,,
2670,,,,,,9.73,
2671,,,3.17,,,,
2672,,,,35.58,,,
2673,,23.65,,,,,
2674,,,,,,4.82,
2675,,,,,43.31,,
2676,,15.44,,,,,
2677,,,,,41.91,,
2678,,,,,,,58.58
2679,,,,,88.01,,
2680,106.73,,,,,,
2681,90.72,,,,,,
2682,,,,150.17,,,
2683,,24.63,,,,,
2684,117.67,,,,,,
2685,,,,,,,34.02
2686,,33.28,,,,,
2687,105.72,,,,,,
2688,,,,,,,43.35
2689,,,,,108.26,,
2690,,,,,133.93,,
2691,,,,,37.55,,
2692,,,,,,,112.93
2693,,,,,,5.07,
2694,,,,,,4.7,
2695,,11.18,,,,,
2696,,9.17,,,,,
2697,,,3.47,,,,
2698,,,,,30.62,,
2699,52.31,,,,,,
2700,,,,,45.38,,
2701,,5.59,,,,,
2702,,,,,119.11,,
2703,,4.76,,,,,
2704,,,,28.17,,,
2705,,,,,,,52.5
2706,,,2.91,,,,
2707,,,2.85,,,,
2708,,,,,10.38,,
2709,,,2.91,,,,
2710,,,2.83,,,,
2711,,,,4.86,,,
2712,,,,,10.78,,
2713,,,,,,4.09,
2714,,,,30.73,,,
2715,,,,26.6,,,
2716,,,,22.61,,,
2717,,,,,,6.38,
2718,,,,,21.91,,
2719,,,,24.27,,,
2720,,7.08,,,,,
2721,,,,15.92,,,
2722,,,,,,,85.49
2723,,,3.38,,,,
2724,,,,,,4.45,
2725,,4.74,,,,,
2726,,,,,99.97,,
2727,54.37,,,,,,
2728,,4.8,,,,,
2729,46.1,,,,,,
2730,,,3.04,,,,
2731,,4.91,,,,,
2732,45.01,,,,,,
2733,,,,,8.57,,
2734,,,,,,2.29,
2735,,,,5.0,,,
2736,,,,,,2.01,
2737,,,,,,,61.61
2738,26.12,,,,,,
2739,30.71,,,,,,
2740,,,,,,,88.65
2741,,4.53,,,,,
2742,,4.9,,,,,
2743,,,,8.77,,,
2744,26.8,,,,,,
2745,,3.74,,,,,
2746,,,,,,2.59,
2747,,,,12.02,,,
2748,,,,12.32,,,
2749,,,,14.14,,,
2750,,,,,14.94,,
2751,,,,,,,51.33
2752,,,,,,3.4,
2753,,,,,10.6,,
2754,,,,,,2.37,
2755,,,,,,,51.82
2756,,,,4.66,,,
2757,,3.73,,,,,
2758,26.9,,,,,,
2759,,,,,,2.59,
2760,16.49,,,,,,
2761,,,3.19,,,,
2762,,,3.13,,,,
2763,,,,,,,64.42
2764,,,,23.25,,,
2765,,,,,25.69,,
2766,,,,,25.76,,
2767,,,,19.84,,,
2768,,,,,,5.95,
2769,,5.74,,,,,
2770,,,,23.29,,,
2771,,,,,,,66.44
2772,,4.65,,,,,
2773,,,,81.06,,,
2774,,,,,85.63,,
2775,,,,,22.01,,
2776,,,,,,2.51,
2777,,,3.38,,,,
2778,,,,,8.74,,
2779,,,,,,,66.02
2780,,5.16,,,,,
2781,,,,,7.18,,
2782,,,3.48,,,,
2783,28.66,,,,,,
2784,,,,30.48,,,
2785,,,,46.0,,,
2786,,,,30.06,,,
2787,37.93,,,,,,
2788,43.57,,,,,,
2789,,,,,,,86.29
2790,42.29,,,,,,
2791,,,,,,,83.34
2792,,,3.64,,,,
2793,,,3.72,,,,
2794,,4.18,,,,,
2795,,,3.81,,,,
2796,,,,,52.26,,
2797,,,,105.83,,,
2798,,,,,,5.53,
2799,,,,,,3.32,
2800,,,3.61,,,,
2801,,,,,16.42,,
2802,,,,,,2.04,
2803,,,,,10.44,,
2804,,4.38,,,,,
2805,,,,,,,70.55
2806,24.88,,,,,,
2807,,,,,,2.61,
2808,,,,,,6.36,
2809,,,3.71,,,,
2810,,4.13,,,,,
2811,,,,,,8.45,
2812,,10.86,,,,,
2813,,,,,,5.75,
2814,,8.82,,,,,
2815,,,3.96,,,,
2816,,,,,,6.09,
2817,,,,,,7.22,
2818,,9.36,,,,,
2819,,,,48.18,,,
2820,74.83,,,,,,
2821,,,,,156.41,,
2822,,,,,,26.82,
2823,,,,24.47,,,
2824,,,,,16.08,,
2825,,,,,,,65.54
2826,,,,,,2.59,
2827,46.23,,,,,,
2828,,,3.48,,,,
2829,,,,6.32,,,
2830,,,,,,2.88,
2831,,,,57.4,,,
2832,44.46,,,,,,
2833,56.1,,,,,,
2834,,,,,,35.78,
2835,,15.92,,,,,
2836,,,,,57.99,,
2837,,,,,,,79.22
2838,,,,,36.1,,
2839,61.85,,,,,,
2840,,7.96,,,,,
2841,,,,,31.9,,
2842,,,3.68,,,,
2843,,,,,,6.26,
2844,,,,,,,72.51
2845,,,,,,3.18,
2846,,,,,,3.62,
2847,,,,,,,71.25
2848,,,,,21.35,,
2849,,,,9.92,,,
2850,,,,,,,40.2
2851,,,,,,,37.86
2852,,,,,,2.78,
2853,,,,,,2.8,
2854,,,,,,2.9,
2855,,,,8.73,,,
2856,,,,,,8.31,
2857,,,,,,,72.44
2858,,,,18.34,,,
2859,40.69,,,,,,
2860,,,3.52,,,,
2861,,5.8,,,,,
2862,55.86,,,,,,
2863,,,,,,,62.14
2864,50.39,,,,,,
2865,,5.16,,,,,
2866,,,,,,3.64,
2867,,,3.62,,,,
2868,32.05,,,,,,
2869,,,,,15.27,,
2870,,,3.34,,,,
2871,,5.03,,,,,
2872,,,,,7.82,,
2873,,,,5.12,,,
2874,16.78,,,,,,
2875,13.47,4.85,3.46,5.23,7.38,2.14,68.68
2876,,,,7.7,,,
2877,,,,,,,61.95
2878,,,,,,8.16,
2879,37.87,,,,,,
2880,,,,,,,70.42
2881,,,3.9,,,,
2882,,,,,32.72,,
2883,,,3.62,,,,
2884,54.82,,,,,,
2885,,,,21.05,,,
2886,,,,,25.06,,
2887,,,,,31.53,,
2888,,6.33,,,,,
2889,24.81,,,,,,
2890,,,,,,23.62,
2891,,4.67,,,,,
2892,33.92,,,,,,
2893,,,,,,2.66,
2894,,,,,,2.91,
2895,,,,,,2.65,
2896,,,,,,,55.71
2897,,,,,,,55.68
2898,,,,,7.33,,
2899,,,3.3,,,,
2900,,,,9.21,,,
2901,26.57,,,,,,
2902,,,,,,,91.21
2903,22.57,,,,,,
2904,,,,,,3.23,
2905,,,,,,3.73,
2906,,5.46,,,,,
2907,13.61,,,,,,
2908,,,3.65,,,,
2909,,,3.52,,,,
2910,,,,24.4,,,
2911,,,,,,,43.42
2912,,,,,16.57,,
2913,,,3.35,,,,
2914,,,,,,2.72,
2915,,,,,9.29,,
2916,,,,,,,36.75
2917,,,3.29,,,,
2918,,,3.15,,,,
2919,,,,,,6.82,
2920,,,,,44.29,,
2921,,,,,,9.33,
2922,,4.28,,,,,
2923,,,3.46,,,,
2924,,,9.91,,,,
2925,,,,,,,92.62
2926,,,,,,,95.86
2927,,,10.28,,,,
2928,,,,63.12,,,
2929,,,,,,,57.38
2930,,,,,,8.71,
2931,,,11.18,,,,
2932,,,,,,,42.27
2933,,,,35.89,,,
2934,,,,,,,45.2
2935,,,3.51,,,,
2936,59.79,,,,,,
2937,52.95,,,,,,
2938,,,,,,,68.49
2939,,,,,,,58.55
2940,,,,,,10.41,
2941,,,,,,15.0,
2942,,12.09,,,,,
2943,,17.07,,,,,
2944,,18.93,,,,,
2945,101.56,,,,,,
2946,,9.93,,,,,
2947,,8.76,,,,,
2948,,,,,33.66,,
2949,58.36,6.97,4.29,21.87,26.75,4.88,56.68
2950,62.08,,,,,,
2951,,,,,,5.33,
2952,,,,15.41,,,
2953,,,,,16.0,,
2954,,,,12.88,,,
2955,,,,,,,42.49
2956,,,3.19,,,,
2957,,,,,11.75,,
2958,,,,,,4.42,
2959,,,,5.9,,,
2960,,,2.99,,,,
2961,,,,14.24,,,
2962,,6.64,,,,,
2963,,,3.0,,,,
2964,,,,,,7.54,
2965,,,,,,8.31,
2966,,17.6,,,,,
2967,,,3.19,,,,
2968,,,,,28.16,,
2969,62.14,,,,,,
2970,,,,18.12,,,
2971,,,3.34,,,,
2972,,,3.55,,,,
2973,,,,,,,50.03
2974,,,3.24,,,,
2975,,,,,,4.91,
2976,,,,9.77,,,
2977,38.27,,,,,,
2978,,,,,,,40.21
2979,,,,,,4.3,
2980,,,,8.53,,,
2981,,,,,9.83,,
2982,,,2.86,,,,
2983,,7.43,,,,,
2984,15.52,,,,,,
2985,,8.06,,,,,
2986,12.51,8.87,2.87,8.36,13.02,4.66,25.15
2987,,,2.86,,,,
2988,,,,,,,29.13
2989,,,,,26.02,,
2990,,,,,40.61,,
2991,,6.93,,,,,
2992,,,,,,14.2,
2993,,,,,,,65.03
2994,,,,,,6.69,
2995,,,,,,,32.63
2996,,,,37.67,,,
2997,,9.82,,,,,
2998,,,2.93,,,,
2999,,,2.82,,,,
3000,,,,,31.58,,
3001,25.91,,,,,,
3002,,11.78,,,,,
3003,,,,,34.39,,
3004,,,,,36.55,,
3005,,,,,,,7.63
3006,31.35,,,,,,
3007,,,,40.77,,,
3008,,,,,,,50.92
3009,,,,,,14.34,
3010,,,,34.1,,,
3011,,,,,,17.71,
3012,,,,,,12.63,
3013,,,,,,9.44,
3014,,,2.73,,,,
3015,,,,,,6.52,
3016,,,,,,,21.37
3017,,,,,,41.09,
3018,51.75,,,,,,
3019,,,3.31,,,,
3020,,,,,,89.28,
3021,58.38,,,,,,
3022,,,,,,,7.85
3023,,,,,129.26,,
3024,53.32,,,,,,
3025,,,,,,,25.64
3026,,,,,,,22.32
3027,28.23,,,,,,
3028,,,,,,11.71,
3029,,,,,37.35,,
3030,25.88,,,,,,
3031,,,,25.37,,,
3032,,,,,,,164.11
3033,,,3.07,,,,
3034,57.44,,,,,,
3035,,,,,,,84.85
3036,,,,47.3,,,
3037,,,,,,,27.81
3038,,,3.53,,,,
3039,,,,,,6.75,
3040,,,2.97,,,,
3041,,,,,,8.06,
3042,,,,,,,35.19
3043,,,,,,,89.97
3044,46.87,14.09,2.72,15.4,19.56,4.16,56.12
3045,42.39,,,,,,
3046,,10.79,,,,,
3047,32.58,,,,,,
3048,,,,6.45,,,
3049,,,,,9.48,,
3050,23.24,,,,,,
3051,18.18,,,,,,
3052,,,,,,4.54,
3053,,,,22.68,,,
3054,,,,26.73,,,
3055,23.74,,,,,,
3056,31.6,,,,,,
3057,,8.86,,,,,
3058,,,,15.11,,,
3059,32.76,,,,,,
3060,30.83,,,,,,
3061,,,3.11,,,,
3062,39.33,,,,,,
3063,,,,,,,39.14
3064,,,2.83,,,,
3065,,,,,,,26.05
3066,,7.16,,,,,
3067,,,2.83,,,,
3068,,6.86,,,,,
3069,,,,,14.03,,
3070,,,2.79,,,,
3071,,,,,,3.43,
3072,13.99,,,,,,
3073,11.78,,,,,,
3074,,,,,,,60.31
3075,,,,8.15,,,
3076,,6.33,,,,,
3077,11.18,,,,,,
3078,17.8,,,,,,
3079,,,3.11,,,,
3080,,,,22.33,,,
3081,34.93,,,,,,
3082,,,,15.14,,,
3083,,,,,28.17,,
3084,,,,,,8.8,
3085,,,,,,7.51,
3086,,7.51,,,,,
3087,,7.97,,,,,
3088,,,,,,,19.79
3089,,,3.02,,,,
3090,,,3.19,,,,
3091,,,,,,,35.58
3092,,6.29,,,,,
3093,,,,,,4.03,
3094,,,,,13.15,,
3095,,,,,,,53.78
3096,13.44,,,,,,
3097,,,,,9.69,,
3098,,,,,,,49.38
3099,,6.72,,,,,
3100,,,2.95,,,,
3101,,7.1,,,,,
3102,,,2.97,,,,
3103,33.14,,,,,,
3104,,,,,,7.4,
3105,,,,,,7.28,
3106,,,2.95,,,,
3107,,,,,27.79,,
3108,,,,,,,91.91
3109,,,,,,,80.96
3110,,,,,,5.66,
3111,56.13,,,,,,
3112,,,,22.29,,,
3113,,6.09,,,,,
3114,,,,22.67,,,
3115,,,,,,,38.88
3116,,,3.31,,,,
3117,,,,,,,52.38
3118,,,4.19,,,,
3119,,5.03,,,,,
3120,,,,,,,61.7
3121,,,,22.11,,,
3122,,5.03,,,,,
3123,,,3.41,,,,
3124,38.32,,,,,,
3125,,,,,39.97,,
3126,,,,,51.26,,
3127,,,,56.94,,,
3128,,,3.77,,,,
3129,,,3.84,,,,
3130,,,,,35.85,,
3131,21.55,,,,,,
3132,,,,,,,60.52
3133,,,,9.42,,,
3134,,6.4,,,,,
3135,,,,,,4.75,
3136,,,3.27,,,,
3137,13.58,,,,,,
3138,,,,,,,65.26
3139,,,,,,,60.11
3140,,,,,73.69,,
3141,,5.91,,,,,
3142,,,,28.04,,,
3143,24.26,,,,,,
3144,,,3.64,,,,
3145,,6.18,,,,,
3146,,,,,,10.39,
3147,,,,,,10.37,
3148,,,,,,11.24,
3149,30.78,,,,,,
3150,,,,40.68,,,
3151,,,,82.77,,,
3152,,,,114.89,,,
3153,,,,125.0,,,
3154,,,3.9,,,,
3155,,,5.22,,,,
3156,,,,,,,1.14
3157,,,,152.85,,,
3158,,,,,245.33,,
3159,,,4.86,,,,
3160,85.71,16.29,4.69,130.2,241.36,111.16,0.25
3161,,,4.41,,,,
3162,,,,112.44,,,
3163,119.79,,,,,,
3164,,,,,262.23,,
3165,,,,,309.6,,
3166,109.04,,,,,,
3167,,,,,,44.49,
3168,89.03,,,,,,
3169,,,4.4,,,,
3170,,,,,,15.04,
3171,,,,,,13.66,
3172,56.33,,,,,,
3173,65.86,,,,,,
3174,,9.11,,,,,
3175,,,,,,,32.22
3176,,7.04,,,,,
3177,87.08,,,,,,
3178,97.55,,,,,,
3179,,,5.83,,,,
3180,,,,,,,1.57
3181,,,6.68,,,,
3182,,,,196.78,,,
3183,,29.97,,,,,
3184,102.12,,,,,,
3185,,,4.96,,,,
3186,,,,,246.89,,
3187,,,,,,,0.53
3188,,,,,290.71,,
3189,,,,,,173.72,
3190,,,,,,116.78,
3191,,,,,,61.04,
3192,,,,81.09,,,
3193,,,4.51,,,,
3194,,,,,,9.45,
3195,,,,,,10.11,
3196,,,,39.11,,,
3197,,,,,37.19,,
3198,,,,,,,92.7
3199,,9.34,,,,,
3200,,,,,,46.17,
3201,,,,,267.93,,
3202,57.78,,,,,,
3203,,,,,237.24,,
3204,,,,,,,1.28
3205,,24.22,,,,,
3206,,,,,,126.34,
3207,,,,,,112.71,
3208,138.38,,,,,,
3209,,,,,311.33,,
3210,,,,,,135.37,
3211,,,,,,173.9,
3212,138.2,,,,,,
3213,,,,,315.88,,
3214,,,,,,,20.51
3215,,,,,149.5,,
3216,100.08,,,,,,
3217,,,,,38.46,,
3218,,17.64,,,,,
3219,,,,,,,97.18
3220,,,,,,9.55,
3221,,9.36,,,,,
3222,,,,95.73,,,
3223,,7.14,,,,,
3224,53.68,,,,,,
3225,,,,,263.26,,
3226,,,,,171.25,,
3227,,,,183.5,,,
3228,,,6.26,,,,
3229,,,,,,88.02,
3230,,,,130.93,,,
3231,,,7.1,,,,
3232,,,,,,130.91,
3233,107.06,,,,,,
3234,,,,,235.35,,
3235,,,,,,,1.51
3236,,,,134.33,,,
3237,,,,,,,13.5
3238,,,,129.3,,,
3239,,,,,,,32.17
3240,,,,,,,53.31
3241,,,,42.76,,,
3242,,,5.34,,,,
3243,62.56,,,,,,
3244,,17.79,,,,,
3245,,,,,47.48,,
3246,46.9,,,,,,
3247,47.85,,,,,,
3248,,,,,,,37.54
3249,,,5.08,,,,
3250,,,5.65,,,,
3251,,,,,207.69,,
3252,,6.49,,,,,
3253,65.02,,,,,,
3254,,,,126.2,,,
3255,,,,,,,0.41
3256,,,,108.18,,,
3257,,,,101.08,,,
3258,,,,,162.4,,
3259,,,5.47,,,,
3260,,,,,,49.1,
3261,,33.53,,,,,
3262,,,,66.86,,,
3263,67.55,,,,,,
3264,,,,,,10.46,
3265,,,,,32.15,,
3266,,,,,,6.44,
3267,,,,,,6.96,
3268,,,4.55,,,,
3269,,,,,31.08,,
3270,,16.31,,,,,
3271,33.71,12.97,5.33,165.79,214.06,48.27,2.46
3272,,,,,,,15.73
3273,,,,,,,12.64
3274,,,5.19,,,,
3275,,,,,,163.57,
3276,66.46,7.83,6.14,157.79,268.77,110.98,0.45
3277,,,,,,87.15,
3278,,,,,,116.31,
3279,,,,,233.61,,
3280,70.33,,,,,,
3281,,,,,,,0.51
3282,,,,160.57,,,
3283,,,,125.48,,,
3284,,,,,156.77,,
3285,,,,,,31.15,
3286,,,,,,16.04,
3287,58.74,,,,,,
3288,,,,,,,80.03
3289,,10.4,,,,,
3290,,,,,,,101.2
3291,,,,,55.42,,
3292,,,4.95,,,,
3293,,,,,185.52,,
3294,,,,,189.17,,
3295,76.38,,,,,,
3296,,,,35.21,,,
3297,,,,25.56,,,
3298,,,,17.4,,,
3299,,5.28,,,,,
3300,33.17,,,,,,
3301,28.72,,,,,,
3302,,,,,11.33,,
3303,,,3.29,,,,
3304,,,,,11.32,,
3305,,5.55,,,,,
3306,,,,73.4,,,
3307,,,,,,,29.09
3308,,,,,50.63,,
3309,,5.81,,,,,
3310,,,,27.13,,,
3311,,,,,33.19,,
3312,,,,,,13.64,
3313,,3.67,,,,,
3314,,,,,,21.52,
3315,,,,,,14.83,
3316,,,,,,,31.48
3317,25.99,,,,,,
3318,,,,,32.85,,
3319,,3.06,,,,,
3320,,,3.64,,,,
3321,,,,,16.3,,
3322,,2.36,,,,,
3323,,,,,,,38.08
3324,,,3.28,,,,
3325,,2.12,,,,,
3326,,,,92.86,,,
3327,,,,58.05,,,
3328,,3.61,,,,,
3329,,,,28.58,,,
3330,27.98,,,,,,
3331,,,,28.27,,,
3332,71.4,,,,,,
3333,,,,,,,81.99
3334,,,,,31.39,,
3335,,4.26,,,,,
3336,,3.58,,,,,
3337,,,,,,,21.07
3338,,2.77,,,,,
3339,,12.02,,,,,
3340,,,,,,18.34,
3341,,,,27.28,,,
3342,,,,,,5.23,
3343,,,,,29.55,,
3344,,,,,,6.07,
3345,,,4.54,,,,
3346,65.1,,,,,,
3347,,,,,,7.42,
3348,,,,50.2,,,
3349,,,,,,,6.86
3350,,,,,,83.33,
3351,,,,122.71,,,
3352,,,,71.88,,,
3353,63.69,,,,,,
3354,,,4.55,,,,
3355,,,,,93.98,,
3356,69.97,,,,,,
3357,77.97,,,,,,
3358,,,,57.44,,,
3359,,,,,,,27.52
3360,54.63,,,,,,
3361,,,3.86,,,,
3362,,,,,,7.93,
3363,,,,,94.32,,
3364,,,,27.87,,,
3365,,,,,41.28,,
3366,,,3.45,,,,
3367,,,,,,,20.75
3368,,,,,,,13.06
3369,,2.63,,,,,
3370,,,,,,,60.95
3371,,,,,,24.07,
3372,,4.64,,,,,
3373,,,,,118.22,,
3374,,,,,81.25,,
3375,,3.88,,,,,
3376,,2.85,,,,,
3377,,3.99,,,,,
3378,,,,,,8.77,
3379,,,,32.09,,,
3380,24.32,,,,,,
3381,18.73,,,,,,
3382,,,,,,11.45,
3383,,,,,,8.01,
3384,,,,,,,20.59
3385,,16.07,,,,,
3386,,,4.53,,,,
3387,,,4.21,,,,
3388,,9.77,,,,,
3389,,,,,,,30.68
3390,,,3.64,,,,
3391,26.81,,,,,,
3392,,,,,,33.33,
3393,,5.05,,,,,
3394,,,3.5,,,,
3395,,,,49.1,,,
3396,27.08,,,,,,
3397,,,,,39.21,,
3398,,,,,39.87,,
3399,,,3.89,,,,
3400,,,3.93,,,,
3401,19.03,,,,,,
3402,,,,,49.47,,
3403,,,,,,,37.04
3404,,,,,,,53.16
3405,,,3.94,,,,
3406,,1.56,,,,,
3407,,,,,,5.31,
3408,,,1.8,,,,
3409,,,,59.46,,,
3410,,7.03,,,,,
3411,,,,,,,4.62
3412,,,,,56.03,,
3413,,,1.35,,,,
3414,,,,,,12.09,
3415,14.14,,,,,,
3416,,,,,,7.11,
3417,,6.37,,,,,
3418,,,,45.13,,,
3419,,,1.35,,,,
3420,,,,54.63,,,
3421,,6.03,,,,,
3422,,,,37.6,,,
3423,,,1.2,,,,
3424,,,1.27,,,,
3425,9.67,,,,,,
3426,,,,,23.11,,
3427,,,,20.05,,,
3428,,,,,,,31.23
3429,,,,40.38,,,
3430,,,,37.0,,,
3431,,,,38.99,,,
3432,,,1.41,,,,
3433,34.79,,,,,,
3434,,,,,,7.66,
3435,,,,,,,52.73
3436,,,,,,8.44,
3437,,,1.48,,,,
3438,,,,,,,43.77
3439,,,1.53,,,,
3440,,,,,35.92,,
3441,,,1.4,,,,
3442,12.45,,,,,,
3443,,,,,,5.54,
3444,,,,,,,50.67
3445,,,1.22,,,,
3446,,,,,17.4,,
3447,,,,,,,48.51
3448,,,,5.88,,,
3449,,,1.24,,,,
3450,,6.04,,,,,
3451,,5.73,,,,,
3452,,,,,,,47.33
3453,,,,,29.43,,
3454,7.87,,,,,,
3455,,,1.28,,,,
3456,,,,,,8.14,
3457,10.38,,,,,,
3458,,,,,25.11,,
3459,,6.42,,,,,
3460,,17.81,,,,,
3461,,,,,,,60.24
3462,56.18,,,,,,
3463,,,,,68.74,,
3464,,,,,,,55.42
3465,40.33,,,,,,
3466,29.85,,,,,,
3467,,2.39,,,,,
3468,78.15,,,,,,
3469,79.94,,,,,,
3470,,21.32,,,,,
3471,,27.28,,,,,
3472,,,,,,89.32,
3473,,,,,,53.68,
3474,,,,,220.37,,
3475,,,,,,,0.85
3476,82.67,,,,,,
3477,,,,,,74.21,
3478,71.59,,,,,,
3479,,,,174.14,,,
3480,99.15,,,,,,
3481,,25.46,,,,,
3482,,,,86.39,,,
3483,,,,,76.16,,
3484,,,,,49.98,,
3485,,11.3,,,,,
3486,,11.73,,,,,
3487,80.84,,,,,,
3488,,,2.54,,,,
3489,,,3.65,,,,
3490,,6.07,,,,,
3491,,,2.56,,,,
3492,54.38,,,,,,
3493,,,2.48,,,,
3494,,,2.6,,,,
3495,36.37,,,,,,
3496,,,,,,46.84,
3497,,,2.19,,,,
3498,,,,,211.78,,
3499,,,,116.95,,,
3500,43.95,,,,,,
3501,,,,,,,1.56
3502,,,1.98,,,,
3503,,,2.16,,,,
3504,,,,,91.75,,
3505,,,2.26,,,,
3506,,,,,,,58.1
3507,,,,32.04,,,
3508,,,,,,,61.59
3509,,,2.22,,,,
3510,,,,,,11.22,
3511,,,,125.13,,,
3512,,,,216.36,,,
3513,,,3.46,,,,
3514,,,2.74,,,,
3515,,,,,,138.33,
3516,,,2.74,,,,
3517,,,,,,,0.73
3518,81.06,,,,,,
3519,,,,,,183.06,
3520,,,,75.97,,,
3521,,,,,,10.49,
3522,,,2.54,,,,
3523,,,,,31.35,,
3524,,,2.49,,,,
3525,,5.92,,,,,
3526,,,,,,,41.4
3527,,,,7.13,,,
3528,,,2.16,,,,
3529,,,,,,,45.52
3530,,,,7.54,,,
3531,,,,,,,39.64
3532,,,,,59.94,,
3533,,,,,,18.33,
3534,,,,,61.19,,
3535,,,,,,,39.36
3536,16.75,,,,,,
3537,,,2.8,,,,
3538,,,,,,,49.82
3539,,,,,,12.34,
3540,39.33,,,,,,
3541,,,,,,23.39,
3542,,,3.76,,,,
3543,,6.14,,,,,
3544,77.36,,,,,,
3545,,,,,103.71,,
3546,,,,,,80.75,
3547,,,,,,67.97,
3548,,,,,,82.85,
3549,,,,128.07,,,
3550,,,,,139.12,,
3551,,,3.72,,,,
3552,,7.2,,,,,
3553,43.92,,,,,,
3554,,,,,295.66,,
3555,49.02,6.3,3.68,143.51,292.84,149.33,2.79
3556,,6.93,,,,,
3557,,,,,,,40.07
3558,,,,45.62,,,
3559,,,3.43,,,,
3560,,,,,,13.73,
3561,,,,,,11.84,
3562,35.59,,,,,,
3563,,,,,,10.47,
3564,,,,213.8,,,
3565,,,,,,371.89,
3566,,,,,,187.8,
3567,,,4.45,,,,
3568,,,,192.04,,,
3569,,,5.06,,,,
3570,,,,,,235.83,
3571,,27.16,,,,,
3572,125.82,,,,,,
3573,,,,,,219.62,
3574,,,4.76,,,,
3575,,,,,367.16,,
3576,118.2,,,,,,
3577,,,4.89,,,,
3578,,,,209.12,,,
3579,129.24,,,,,,
3580,,,,,297.18,,
3581,,41.51,,,,,
3582,,38.18,,,,,
3583,,28.17,,,,,
3584,,23.56,,,,,
3585,,,,,68.52,,
3586,,,,49.67,,,
3587,,,3.92,,,,
3588,,,,,,,20.34
3589,,5.28,,,,,
3590,61.51,,,,,,
3591,,,,,,,19.82
3592,,,5.85,,,,
3593,,,5.34,,,,
3594,,,,,447.64,,
3595,,,,210.31,,,
3596,,,,,426.76,,
3597,93.44,,,,,,
3598,,,,,386.77,,
3599,,34.39,,,,,
3600,,,4.26,,,,
3601,,,,,,207.34,
3602,70.56,15.67,4.46,170.5,344.72,174.22,17.69
3603,,,4.75,,,,
3604,,14.56,,,,,
3605,70.51,,,,,,
3606,,21.88,,,,,
3607,,,,,,,67.71
3608,,13.2,,,,,
3609,,,,,51.96,,
3610,,,,,,,73.56
3611,34.17,,,,,,
3612,28.91,,,,,,
3613,,,,139.91,,,
3614,,1.76,,,,,
3615,,,,,,,16.94
3616,,,,152.98,,,
3617,47.06,,,,,,
3618,,,4.57,,,,
3619,,,,150.77,,,
3620,,,,,,,16.41
3621,,,3.73,,,,
3622,,,,,148.87,,
3623,43.68,,,,,,
3624,,12.52,,,,,
3625,,,,,315.36,,
3626,,,,,,165.29,
3627,,12.62,,,,,
3628,79.72,,,,,,
3629,,,5.76,,,,
3630,,11.71,,,,,
3631,,8.81,,,,,
3632,,,,,53.12,,
3633,,7.53,,,,,
3634,,,,30.99,,,
3635,,,4.89,,,,
3636,,,,,,17.51,
3637,,,,,,18.36,
3638,,9.09,,,,,
3639,,8.3,,,,,
3640,30.96,,,,,,
3641,,,,,,8.44,
3642,,,,,,8.14,
3643,,,,,,6.29,
3644,,,,,,5.82,
3645,,,,,,,27.95
3646,14.13,,,,,,
3647,,,,,135.91,,
3648,,,3.86,,,,
3649,,,,,138.82,,
3650,,,3.54,,,,
3651,,,,81.82,,,
3652,,,,,,44.12,
3653,,,,,,,17.74
3654,,,4.08,,,,
3655,,,,,,,27.91
3656,,,,,,,38.53
3657,,,3.9,,,,
3658,,5.92,,,,,
3659,6.9,,,,,,
3660,,,,,,,21.67
3661,6.88,,,,,,
3662,,,,57.52,,,
3663,,,,,71.82,,
3664,,,,,88.45,,
3665,,,4.3,,,,
3666,,,,,71.32,,
3667,,,,,61.44,,
3668,,,,,61.16,,
3669,38.44,,,,,,
3670,,,4.21,,,,
3671,,,,,,106.89,
3672,46.08,,,,,,
3673,45.53,,,,,,
3674,,8.08,,,,,
3675,,7.42,,,,,
3676,,,,,,40.92,
3677,43.69,,,,,,
3678,,,,,,148.12,
3679,,,,,,164.61,
3680,65.1,18.86,4.44,143.79,330.14,186.35,16.64
3681,,17.2,,,,,
3682,,,,,,,17.62
3683,77.38,,,,,,
3684,,,4.44,,,,
3685,,,3.39,,,,
3686,,,,,,30.7,
3687,,,,50.37,,,
3688,,,3.56,,,,
3689,,,3.86,,,,
3690,,8.57,,,,,
3691,,6.49,,,,,
3692,25.42,,,,,,
3693,,,,,609.23,,
3694,,,,,,,16.35
3695,,,4.79,,,,
3696,,11.05,,,,,
3697,,,,,321.62,,
3698,,,,,,,16.71
3699,,,,,292.45,,
3700,,40.82,,,,,
3701,,,,,353.73,,
3702,,,,,,236.69,
3703,,,,,,,16.76
3704,,47.42,,,,,
3705,,,,,387.71,,
3706,,,4.26,,,,
3707,,,4.25,,,,
3708,,,,,366.76,,
3709,120.6,,,,,,
3710,,,,52.68,,,
3711,,,,,99.39,,
3712,,17.07,,,,,
3713,,,,,,,60.81
3714,,,6.56,,,,
3715,,,,83.21,,,
3716,,,7.56,,,,
3717,,,,268.44,,,
3718,,,,221.59,,,
3719,,,,,,,16.23
3720,,,,202.28,,,
3721,,,,,,361.25,
3722,,,,243.96,,,
3723,,,5.19,,,,
3724,,,,172.03,,,
3725,,,,,,,16.74
3726,,,,,412.5,,
3727,,,,148.01,,,
3728,,47.3,,,,,
3729,,37.01,,,,,
3730,,41.81,,,,,
3731,,40.74,,,,,
3732,,,,126.64,,,
3733,,,,127.61,,,
3734,,,,,,30.75,
3735,,,,,,,62.37
3736,,,4.15,,,,
3737,,12.33,,,,,
3738,,13.63,,,,,
3739,,,,,,,43.31
3740,,,,114.93,,,
3741,,7.96,,,,,
3742,,7.07,,,,,
3743,,,4.3,,,,
3744,,,,,312.79,,
3745,78.3,,,,,,
3746,96.48,,,,,,
3747,,,4.37,,,,
3748,,,,,,63.02,
3749,,,,,,,16.46
3750,78.25,,,,,,
3751,66.1,,,,,,
3752,55.8,13.68,3.97,132.3,266.17,133.86,16.53
3753,,,,,474.62,,
3754,,13.42,,,,,
3755,,,,,,,40.26
3756,,9.92,,,,,
3757,,,,,,312.24,
3758,,,,54.5,,,
3759,,,4.53,,,,
3760,,,4.23,,,,
3761,,,,,,40.57,
3762,,,,,,232.19,
3763,,,,290.59,,,
3764,,,,,613.71,,
3765,,,,,,341.84,
3766,,,,192.76,,,
3767,,,,,,,16.46
3768,,,4.86,,,,
3769,,,,,171.45,,
3770,113.56,,,,,,
3771,,,,,,16.31,
3772,,,,,,11.94,
3773,,,,,,11.88,
3774,,17.2,,,,,
3775,,,,,,160.02,
3776,,,,,,340.8,
3777,119.54,,,,,,
3778,,,,,,80.63,
3779,,,,,,,39.85
3780,,,,56.84,,,
3781,,,,41.91,,,
3782,,,,,54.66,,
3783,,,,,54.79,,
3784,,,,,64.71,,
3785,,,,,,62.54,
3786,,,6.38,,,,
3787,,,,,,,16.47
3788,,,,,306.6,,
3789,,14.46,,,,,
3790,,,,,,,16.95
3791,,42.08,,,,,
3792,,,,,,,16.83
3793,,,,,,,16.76
3794,117.21,,,,,,
3795,,,4.53,,,,
3796,,,,,,,17.8
3797,,,,,65.5,,
3798,,,4.62,,,,
3799,,10.25,,,,,
3800,,,,,469.21,,
3801,90.75,,,,,,
3802,112.38,,,,,,
3803,105.04,,,,,,
3804,,,,34.78,,,
3805,,,,,,,62.65
3806,,,3.97,,,,
3807,,,,,,,50.8
3808,,,3.9,,,,
3809,,,,,,66.43,
3810,69.49,,,,,,
3811,,,,138.0,,,
3812,,,,141.92,,,
3813,109.51,,,,,,
3814,,,5.4,,,,
3815,,,,,,,16.36
3816,93.92,,,,,,
3817,,,,,,,30.09
3818,,,,,,8.41,
3819,,,,,40.36,,
3820,,6.51,,,,,
3821,,,,,,,35.61
3822,46.46,,,,,,
3823,,,4.28,,,,
3824,,,4.92,,,,
3825,,,,61.19,,,
3826,,,,,,24.22,
3827,,,,,44.04,,
3828,,17.97,,,,,
3829,,12.95,,,,,
3830,,,4.47,,,,
3831,,,4.46,,,,
3832,,,,,,,40.58
3833,,4.7,,,,,
3834,,3.29,,,,,
3835,80.46,,,,,,
3836,,,,,135.44,,
3837,80.65,,,,,,
3838,84.22,,,,,,
3839,91.82,,,,,,
3840,,,,,,,16.69
3841,,,,137.21,,,
3842,,,4.89,,,,
3843,,,,,,,16.62
3844,132.56,,,,,,
3845,,,,,,234.1,
3846,,,,,,,16.65
3847,,,4.53,,,,
3848,,,,,268.24,,
3849,97.12,,,,,,
3850,,,4.39,,,,
3851,93.33,,,,,,
3852,93.03,,,,,,
3853,,,4.51,,,,
3854,,,,,,8.14,
3855,,,,,,6.75,
3856,,,,,,35.04,
3857,,3.9,,,,,
3858,,,,148.72,,,
3859,,,,122.05,,,
3860,83.28,,,,,,
3861,,4.47,,,,,
3862,,,,195.11,,,
3863,,,,,377.26,,
3864,,,5.46,,,,
3865,,,,,,,16.45
3866,,,,,,12.98,
3867,,,,,,196.4,
3868,130.82,,,,,,
3869,,32.54,,,,,
3870,,,,64.98,,,
3871,,,,,86.29,,
3872,,,,,80.48,,
3873,,,4.46,,,,
3874,,,4.64,,,,
3875,,,,,,,17.11
3876,,,,335.44,,,
3877,,,5.76,,,,
3878,,,,,262.65,,
3879,152.31,,,,,,
3880,,,6.06,,,,
3881,,33.6,,,,,
3882,,,,113.39,,,
3883,,11.38,,,,,
3884,,,,,,18.55,
3885,,,,38.32,,,
3886,,,,39.7,,,
3887,,,3.49,,,,
3888,,4.73,,,,,
3889,,,,,,84.58,
3890,,,,,,,12.67
3891,,10.04,,,,,
3892,,,,,192.01,,
3893,,9.24,,,,,
3894,,6.94,,,,,
3895,,,3.95,,,,
3896,,,3.62,,,,
3897,,,,,,56.92,
3898,,,,,151.27,,
3899,,,,,157.91,,
3900,,,,,,,28.59
3901,,,4.93,,,,
3902,,,,,,,21.44
3903,,,,,126.61,,
3904,60.2,,,,,,
3905,,,,,,72.84,
3906,,,,61.99,,,
3907,,,,,,6.7,
3908,,,,,39.59,,
3909,,,,44.12,,,
3910,,,,,,6.59,
3911,,,,,,6.39,
3912,,,,,26.15,,
3913,,,,,,5.72,
3914,,3.68,,,,,
3915,,,,19.62,,,
3916,,,,,,,21.24
3917,,,,,,,19.64
3918,,,,65.52,,,
3919,,1.33,,,,,
3920,,,,58.0,,,
3921,,,,37.98,,,
3922,,,3.23,,,,
3923,,,,,53.4,,
3924,,0.8,,,,,
3925,,,,,,,13.01
3926,,,5.33,,,,
3927,,,,,,,14.85
3928,,,4.29,,,,
3929,,,,,,,15.95
3930,67.27,,,,,,
3931,,,,,,,15.93
3932,,14.78,,,,,
3933,,,,96.16,,,
3934,,,,,,,15.93
3935,,11.65,,,,,
3936,,,4.75,,,,
3937,,,,153.05,,,
3938,67.9,,,,,,
3939,,25.57,,,,,
3940,,26.76,,,,,
3941,,27.34,,,,,
3942,,,,98.49,,,
3943,,,,,,36.59,
3944,112.02,24.23,3.14,52.46,76.71,24.25,41.28
3945,,,,42.11,,,
3946,,,,,,15.76,
3947,,,3.49,,,,
3948,,,,,,,20.1
3949,,,,198.33,,,
3950,,,,,324.03,,
3951,,,,120.13,,,
3952,,,,48.34,,,
3953,,,,,,14.45,
3954,,,,,112.84,,
3955,,,,,,21.11,
3956,,,,,,21.71,
3957,,,2.85,,,,
3958,,,,,,10.98,
3959,,,,34.93,,,
3960,,,,19.31,,,
3961,,,2.51,,,,
3962,,2.36,,,,,
3963,23.82,,,,,,
3964,,,,28.67,,,
3965,,,,18.76,,,
3966,,,,,,8.98,
3967,,,2.63,,,,
3968,,,,,26.52,,
3969,,2.22,,,,,
3970,32.16,,,,,,
3971,35.37,,,,,,
3972,,,,,,,43.48
3973,,,,,,11.2,
3974,62.3,,,,,,
3975,,4.01,,,,,
3976,,,2.71,,,,
3977,,,,,49.68,,
3978,,,,,30.39,,
3979,,,,,37.7,,
3980,,,3.44,,,,
3981,,,3.19,,,,
3982,94.42,,,,,,
3983,,,,,16.62,,
3984,94.53,,,,,,
3985,,,,,,7.16,
3986,90.87,,,,,,
3987,,,,,,43.98,
3988,,,,,,,37.27
3989,,,3.28,,,,
3990,76.71,,,,,,
3991,,,,,42.87,,
3992,,2.63,,,,,
3993,49.89,,,,,,
3994,,,,,48.93,,
3995,,,,,58.19,,
3996,,,,52.06,,,
3997,,,,,,,22.11
3998,28.78,,,,,,
3999,45.49,,,,,,
4000,66.57,,,,,,
4001,,,,132.48,,,
4002,,,,,166.7,,
4003,,9.58,,,,,
4004,,10.73,,,,,
4005,,11.33,,,,,
4006,,,,,172.78,,
4007,,,4.3,,,,
4008,,,,85.96,,,
4009,,5.37,,,,,
4010,,,,,335.48,,
4011,,,,,,,19.21
4012,,,,,,100.11,
4013,,27.92,,,,,
4014,,,,46.25,,,
4015,,,,,,12.47,
4016,,,,,,15.93,
4017,,,4.87,,,,
4018,,,,,,,58.89
4019,,,,115.05,,,
4020,,3.58,,,,,
4021,,,,159.61,,,
4022,,,,,497.29,,
4023,,,,183.11,,,
4024,,,,,,,16.93
4025,,,,,,222.52,
4026,,,,,298.72,,
4027,,,,170.55,,,
4028,,,,,,,16.76
4029,,47.41,,,,,
4030,,44.44,,,,,
4031,91.67,,,,,,
4032,91.43,,,,,,
4033,,30.14,,,,,
4034,90.73,26.96,3.7,181.71,373.92,192.21,18.72
4035,,,3.52,,,,
4036,,,,82.28,,,
4037,68.86,,,,,,
4038,,,,,,17.85,
4039,,,,,,15.05,
4040,,,,,,14.5,
4041,,,,,182.04,,
4042,,,,,,348.15,
4043,,,,,,,17.05
4044,,24.47,,,,,
4045,129.26,,,,,,
4046,,,,,,128.34,
4047,,,,,,172.29,
4048,,,,,,161.07,
4049,,,,,357.17,,
4050,,43.34,,,,,
4051,,,4.76,,,,
4052,146.89,,,,,,
4053,,,,155.36,,,
4054,,,,,,,16.61
4055,,,,,,255.15,
4056,,,,,562.99,,
4057,,33.98,,,,,
4058,,,,,55.17,,
4059,,,,,57.17,,
4060,,,,,67.38,,
4061,,,4.1,,,,
4062,,,,,,17.43,
4063,,,3.64,,,,
4064,47.84,,,,,,
4065,,,3.41,,,,
4066,,2.26,,,,,
4067,,,,,25.63,,
4068,,,3.67,,,,
4069,,,3.53,,,,
4070,29.16,,,,,,
4071,,,,6.86,,,
4072,,,3.72,,,,
4073,,,3.66,,,,
4074,,,,,,5.55,
4075,,,,,19.84,,
4076,16.9,,,,,,
4077,,,,,,8.14,
4078,12.03,,,,,,
4079,,,,,,12.34,
4080,,,,,,,49.31
4081,,0.79,,,,,
4082,,,,,,,48.96
4083,,,3.74,,,,
4084,,,,,34.14,,
4085,4.95,,,,,,
4086,,,,,,7.38,
4087,,,,,,6.41,
4088,2.43,,,,,,
4089,1.93,,,,,,
4090,,0.54,,,,,
4091,,,,74.5,,,
4092,,,,,,,18.38
4093,,,,,59.79,,
4094,,,,,40.12,,
4095,,1.59,,,,,
4096,4.37,,,,,,
4097,,,,,,,41.32
4098,4.73,,,,,,
4099,,,3.69,,,,
4100,,,,,,,16.17
4101,,,,,247.38,,
4102,,,,91.46,,,
4103,66.42,9.33,3.98,93.67,150.34,56.66,28.03
4104,,,,76.0,,,
4105,,13.65,,,,,
4106,,,3.91,,,,
4107,,,,127.5,,,
4108,,,,,,112.23,
4109,,24.08,,,,,
4110,113.85,27.56,5.5,171.19,370.34,199.15,8.92
4111,,,,137.34,,,
4112,,,,,38.89,,
4113,,28.14,,,,,
4114,,19.91,,,,,
4115,34.8,,,,,,
4116,,,,,,5.7,
4117,,,,,,,39.63
4118,,,,,25.76,,
4119,,3.81,,,,,
4120,,2.8,,,,,
4121,,,,,,7.35,
4122,,,,76.24,,,
4123,,,,,,,18.53
4124,2.78,,,,,,
4125,4.38,,,,,,
4126,6.41,,,,,,
4127,,,,26.94,,,
4128,,,,,,,57.58
4129,,,3.28,,,,
4130,3.16,,,,,,
4131,,,,,,,45.94
4132,,,,,76.59,,
4133,,,,110.54,,,
4134,,,,153.86,,,
4135,,,,155.06,,,
4136,,,,,311.45,,
4137,,,,,,,16.43
4138,54.24,,,,,,
4139,44.74,,,,,,
4140,,,,,,,16.36
4141,,8.19,,,,,
4142,43.22,,,,,,
4143,34.76,,,,,,
4144,,,,,,116.53,
4145,,,,61.77,,,
4146,,,,94.59,,,
4147,,,4.18,,,,
4148,,,4.95,,,,
4149,77.7,,,,,,
4150,,28.39,,,,,
4151,,,3.66,,,,
4152,,,,,,30.71,
4153,,,,,78.83,,
4154,,,3.74,,,,
4155,,6.51,,,,,
4156,,,3.74,,,,
4157,,,,,,224.31,
4158,,,,,,,16.72
4159,,,,221.41,,,
4160,96.17,,,,,,
4161,,,,194.87,,,
4162,90.15,,,,,,
4163,,,,,,,16.62
4164,,,,,461.26,,
4165,,49.71,,,,,
4166,,,,,,,16.2
4167,,39.41,,,,,
4168,,,3.22,,,,
4169,68.25,,,,,,
4170,,30.81,,,,,
4171,,26.43,,,,,
4172,,21.23,,,,,
4173,,,,,,59.86,
4174,,17.84,,,,,
4175,,,,,,,24.29
4176,,,,,,,25.22
4177,,7.0,,,,,
4178,,4.59,,,,,
4179,,,,,,,22.31
4180,,2.54,,,,,
4181,,1.78,,,,,
4182,,,2.85,,,,
4183,,,,,42.91,,
4184,,,,,,,23.91
4185,,,4.89,,,,
4186,,22.79,,,,,
4187,,,,70.78,,,
4188,,14.92,,,,,
4189,,,,,,60.02,
4190,90.38,,,,,,
4191,,,,,,9.53,
4192,54.88,,,,,,
4193,,,3.3,,,,
4194,,,,,101.55,,
4195,,,,,,10.58,
4196,,11.64,,,,,
4197,16.04,,,,,,
4198,,6.54,,,,,
4199,,,,,,,16.29
4200,,,,,,143.52,
4201,,19.32,,,,,
4202,,,4.95,,,,
4203,,,,,,138.73,
4204,,39.14,,,,,
4205,,,4.59,,,,
4206,85.12,,,,,,
4207,,,,71.7,,,
4208,72.67,,,,,,
4209,,,,42.39,,,
4210,,,,,,,42.92
4211,,,,,,,42.4
4212,,5.66,,,,,
4213,,,2.87,,,,
4214,9.66,,,,,,
4215,,,,,,,44.72
4216,,1.82,,,,,
4217,,,,13.7,,,
4218,,0.89,,,,,
4219,,0.87,,,,,
4220,2.13,,,,,,
4221,,,3.45,,,,
4222,2.35,,,,,,
4223,,,,,,,32.99
4224,,,,,28.14,,
4225,1.98,,,,,,
4226,,,3.15,,,,
4227,,,,21.46,,,
4228,,,,23.13,,,
4229,,,,21.49,,,
4230,,,2.73,,,,
4231,,,,,,12.99,
4232,,,2.82,,,,
4233,,,,,41.32,,
4234,,0.14,,,,,
4235,,0.1,,,,,
4236,,,,,,,35.94
4237,1.68,,,,,,
4238,,,,,28.42,,
4239,,0.02,,,,,
4240,,,,,21.55,,
4241,1.66,,,,,,
4242,,,3.25,,,,
4243,,,,12.76,,,
4244,,,,,,,47.95
4245,,,,,,7.9,
4246,,,,,,,33.12
4247,,,3.91,,,,
4248,,,,,,,32.5
4249,8.61,,,,,,
4250,,,,,,,46.85
4251,,,,,,,45.02
4252,17.45,,,,,,
4253,,,,,,28.95,
4254,,,,,,,29.97
4255,,,,51.04,,,
4256,,,,,,12.1,
4257,,,3.59,,,,
4258,,0.53,,,,,
4259,,,,,,12.28,
4260,,,,30.13,,,
4261,,0.63,,,,,
4262,,,,,,7.89,
4263,,,,,,7.17,
4264,,,,,,7.47,
4265,2.91,,,,,,
4266,,,,,,,20.9
4267,,,4.81,,,,
4268,,,,,,95.81,
4269,,,,,157.91,,
4270,,,,,,31.6,
4271,,,,,,20.44,
4272,37.28,,,,,,
4273,,,,,,,49.48
4274,,,,,64.99,,
4275,,,,,,19.06,
4276,18.06,3.35,5.67,116.55,190.67,74.12,23.18
4277,,,,276.02,,,
4278,,,7.21,,,,
4279,,22.15,,,,,
4280,68.53,,,,,,
4281,,,,,,,16.52
4282,,23.38,,,,,
4283,,,,,199.88,,
4284,,,,99.35,,,
4285,,,5.96,,,,
4286,,,,,,126.7,
4287,,,,,409.72,,
4288,,,,,,310.32,
4289,89.08,,,,,,
4290,,,,,,,16.5
4291,97.52,,,,,,
4292,,,,,734.19,,
4293,116.81,,,,,,
4294,123.38,,,,,,
4295,,,,,,,27.23
4296,,,,78.7,,,
4297,,,,,,,33.38
4298,,,,,,33.9,
4299,96.91,,,,,,
4300,109.85,,,,,,
4301,,,,189.76,,,
4302,,31.65,,,,,
4303,,,,229.24,,,
4304,,,,,,275.36,
4305,,,,,,172.11,
4306,,,,,,,15.93
4307,,,,95.3,,,
4308,,,,,,58.65,
4309,,,,,,53.18,
4310,,,4.66,,,,
4311,,,4.68,,,,
4312,77.82,,,,,,
4313,,,,,171.49,,
4314,,26.78,,,,,
4315,,,,,433.98,,
4316,,,,,,205.05,
4317,,,5.75,,,,
4318,,,,,125.51,,
4319,,,,,,,30.24
4320,,22.04,,,,,
4321,,,,50.24,,,
4322,,,,51.83,,,
4323,,8.16,,,,,
4324,,,,,138.75,,
4325,25.65,,,,,,
4326,,,,,363.52,,
4327,,,,,,160.94,
4328,,,,140.35,,,
4329,,,5.96,,,,
4330,,,,,283.18,,
4331,75.69,,,,,,
4332,,,,,,21.22,
4333,,,,,,77.05,
4334,,,4.28,,,,
4335,50.95,,,,,,
4336,,,,,82.08,,
4337,,,,,,,18.41
4338,,,,,,96.08,
4339,,,,,,264.37,
4340,,,4.25,,,,
4341,,,,98.19,,,
4342,45.45,,,,,,
4343,,,,,,,34.6
4344,,,4.76,,,,
4345,,,,,,,34.84
4346,,,5.02,,,,
4347,,,,,93.37,,
4348,,,4.93,,,,
4349,,,,216.88,,,
4350,,,6.86,,,,
4351,,,,,,296.54,
4352,114.79,,,,,,
4353,,,,,128.76,,
4354,,,,55.53,,,
4355,,,,,,8.45,
4356,,12.06,,,,,
4357,32.24,,,,,,
4358,,,,38.92,,,
4359,,5.0,,,,,
4360,,5.83,,,,,
4361,,,3.57,,,,
4362,20.04,,,,,,
4363,,,4.84,,,,
4364,,3.22,,,,,
4365,,,,60.42,,,
4366,,,,46.64,,,
4367,130.13,,,,,,
4368,,,4.47,,,,
4369,75.54,,,,,,
4370,,,4.72,,,,
4371,,,,,,,47.02
4372,54.7,,,,,,
4373,33.25,,,,,,
4374,,,,,,,62.01
4375,,,3.85,,,,
4376,12.36,,,,,,
4377,,,,,,,63.44
4378,,,,,,5.76,
4379,,,,,,5.65,
4380,,,,,14.47,,
4381,,,,,14.51,,
4382,,,,,,,65.1
4383,,,,,14.52,,
4384,,1.33,,,,,
4385,,,,,,5.93,
4386,,5.11,,,,,
4387,,3.87,,,,,
4388,,,,,26.04,,
4389,,2.51,,,,,
4390,,,,,,,58.76
4391,6.06,,,,,,
4392,,,,,,10.44,
4393,2.97,,,,,,
4394,,,,,30.57,,
4395,1.45,,,,,,
4396,,,,,,7.59,
4397,,,,,,,44.49
4398,,,,,,,46.15
4399,,0.17,,,,,
4400,1.18,,,,,,
4401,,,,,28.47,,
4402,,,,,,5.5,
4403,,,,,,5.31,
4404,,,,,,5.31,
4405,,,,,24.48,,
4406,1.84,,,,,,
4407,,,,,35.47,,
4408,,,,,,,30.79
4409,,,,66.22,,,
4410,,,3.82,,,,
4411,,0.56,,,,,
4412,,,4.54,,,,
4413,,0.74,,,,,
4414,,,3.95,,,,
4415,,,,,52.74,,
4416,14.6,,,,,,
4417,10.62,,,,,,
4418,,,4.93,,,,
4419,,0.88,,,,,
4420,,,,49.89,,,
4421,,,,,46.15,,
4422,,,,,,,43.34
4423,,,,,,8.42,
4424,3.08,,,,,,
4425,,0.1,,,,,
4426,3.14,,,,,,
4427,,0.05,,,,,
4428,,,,,,9.91,
4429,,,,,,8.06,
4430,,,,,,,18.15
4431,,,3.76,,,,
4432,,,,,,,19.49
4433,,,5.97,,,,
4434,,,,,,120.69,
4435,,,12.98,,,,
4436,,,,,,40.3,
4437,75.26,,,,,,
4438,,,,,,,48.86
4439,,,,,,27.81,
4440,,,6.07,,,,
4441,,6.79,,,,,
4442,,11.28,,,,,
4443,,,6.73,,,,
4444,,,,,116.0,,
4445,100.18,,,,,,
4446,,,,,54.1,,
4447,,,,,,,43.6
4448,,,,,,12.1,
4449,,,4.16,,,,
4450,30.55,,,,,,
4451,,,4.29,,,,
4452,,,,,23.54,,
4453,11.73,,,,,,
4454,,,,,,9.23,
4455,,,,,,8.55,
4456,,1.7,,,,,
4457,,,,,107.41,,
4458,,,8.79,,,,
4459,,,,,,,38.08
4460,,,7.99,,,,
4461,,,,,,31.89,
4462,,,,,,31.36,
4463,,,,,109.55,,
4464,,,,,134.11,,
4465,,,,,94.67,,
4466,,,,,,33.29,
4467,,,,,,34.17,
4468,,,,48.53,,,
4469,,,,35.05,,,
4470,,,,,,,35.17
4471,28.91,,,,,,
4472,21.14,,,,,,
4473,,7.32,,,,,
4474,,,,,,,50.51
4475,,,3.85,,,,
4476,,,,,,6.8,
4477,3.92,2.28,3.74,19.44,26.4,6.97,42.69
4478,,,3.75,,,,
4479,3.15,1.26,3.78,50.03,71.04,21.01,35.51
4480,,,4.01,,,,
4481,7.31,,,,,,
4482,,,,,99.36,,
4483,,,,,,24.47,
4484,,,,,373.96,,
4485,256.42,,,,,,
4486,161.94,,,,,,
4487,,,,,,89.59,
4488,,,,,202.36,,
4489,,,,,,,16.51
4490,62.25,,,,,,
4491,,,,,,48.89,
4492,,,,,74.63,,
4493,,,,46.54,,,
4494,42.15,,,,,,
4495,,,3.03,,,,
4496,,6.01,,,,,
4497,,,,231.66,,,
4498,,,,236.25,,,
4499,,,,,,,24.0
4500,,,6.76,,,,
4501,,45.53,,,,,
4502,98.29,,,,,,
4503,,,,62.09,,,
4504,,,,,,,43.12
4505,,,4.43,,,,
4506,,,6.56,,,,
4507,74.68,,,,,,
4508,108.8,,,,,,
4509,,35.31,,,,,
4510,,47.94,,,,,
4511,,,5.25,,,,
4512,,,,,,,16.14
4513,,,4.42,,,,
4514,,,,,,,16.73
4515,75.5,,,,,,
4516,,,3.67,,,,
4517,,36.37,,,,,
4518,,,,184.39,,,
4519,,32.67,,,,,
4520,,,,,,,18.73
4521,,,6.42,,,,
4522,,,,,,,34.75
4523,,,7.2,,,,
4524,,,,63.83,,,
4525,,,6.42,,,,
4526,,,,,,42.65,
4527,,32.75,,,,,
4528,94.2,,,,,,
4529,,,,,,,17.03
4530,,,,71.48,,,
4531,,,4.36,,,,
4532,,,,,,,16.37
4533,,,3.77,,,,
4534,,17.05,,,,,
4535,,,,,,,20.16
4536,,,,,,7.67,
4537,,,,,69.4,,
4538,,,,,74.7,,
4539,,,3.06,,,,
4540,23.98,,,,,,
4541,28.64,,,,,,
4542,,,,,,,16.98
4543,,,,131.12,,,
4544,,,6.3,,,,
4545,46.46,,,,,,
4546,,,,76.89,,,
4547,,,6.08,,,,
4548,,,4.61,,,,
4549,,,4.22,,,,
4550,,12.84,,,,,
4551,,,,116.86,,,
4552,,,,,,,17.57
4553,,,5.86,,,,
4554,107.49,,,,,,
4555,,,5.34,,,,
4556,,,5.8,,,,
4557,,,4.68,,,,
4558,,,,,,,19.48
4559,,,,,,32.6,
4560,,,,63.27,,,
4561,,10.77,,,,,
4562,,8.22,,,,,
4563,,6.45,,,,,
4564,,,3.52,,,,
4565,,,,50.68,,,
4566,,,5.68,,,,
4567,,,,,176.49,,
4568,,,,,129.18,,
4569,,,7.84,,,,
4570,,,,,,40.3,
4571,,42.2,,,,,
4572,,,,,,,20.49
4573,60.44,,,,,,
4574,,,,,140.19,,
4575,,,,,,23.57,
4576,,,,,,,54.19
4577,,,,,,5.93,
4578,,,,,,,57.94
4579,,,,,,,71.92
4580,,,,,,,67.55
4581,,,,,,3.76,
4582,,,3.36,,,,
4583,,,3.14,,,,
4584,,,,18.56,,,
4585,3.58,,,,,,
4586,,1.36,,,,,
4587,,,,,,,22.28
4588,,,4.01,,,,
4589,,,,,,25.19,
4590,,,,,,26.15,
4591,,,,101.78,,,
4592,35.86,,,,,,
4593,,,,,,29.86,
4594,,,3.93,,,,
4595,,,,93.47,,,
4596,,3.9,,,,,
4597,,,,,,,24.18
4598,,,,,,20.07,
4599,,,3.14,,,,
4600,9.22,,,,,,
4601,,1.09,,,,,
4602,,,3.42,,,,
4603,,,,,,,26.88
4604,,,,,,,26.03
4605,,,,17.0,,,
4606,1.08,,,,,,
4607,,,,,20.64,,
4608,,,2.64,,,,
4609,,,,,,,25.2
4610,,,2.92,,,,
4611,,,,,,10.18,
4612,,,,,,,19.89
4613,,,,,,14.29,
4614,,,,,41.06,,
4615,,,,,,,31.54
4616,,,3.84,,,,
4617,,,,23.72,,,
4618,,,,,37.37,,
4619,,,3.46,,,,
4620,,,3.59,,,,
4621,,,,,106.23,,
4622,,,3.4,,,,
4623,,0.62,,,,,
4624,,,3.42,,,,
4625,,,,,,,20.61
4626,,,3.31,,,,
4627,,0.23,,,,,
4628,,,4.59,,,,
4629,,,,83.49,,,
4630,,1.05,,,,,
4631,,,,60.23,,,
4632,,,,,138.56,,
4633,,,,,,81.96,
4634,,,,,186.1,,
4635,,,6.14,,,,
4636,,,,146.92,,,
4637,,,,,,201.77,
4638,59.61,,,,,,
4639,,40.65,,,,,
4640,,,7.27,,,,
4641,,,,,173.72,,
4642,,,,,225.12,,
4643,89.73,,,,,,
4644,,,,,255.92,,
4645,,,,,,135.49,
4646,83.48,,,,,,
4647,,,,,92.24,,
4648,,,,,,391.44,
4649,,,7.17,,,,
4650,,,,,579.79,,
4651,,,5.7,,,,
4652,,43.42,,,,,
4653,,,3.9,,,,
4654,,,,,,,16.14
4655,,,,,,18.98,
4656,,,,,,,17.95
4657,,,3.3,,,,
4658,,,,47.66,,,
4659,,,,,123.17,,
4660,,,,,,,16.74
4661,,,,,643.05,,
4662,,,7.99,,,,
4663,,,,,81.13,,
4664,,,6.68,,,,
4665,33.07,,,,,,
4666,,,,,,,17.95
4667,,21.03,,,,,
4668,,,,236.86,,,
4669,,,,195.7,,,
4670,,,,178.49,,,
4671,,,,,449.77,,
4672,,59.61,,,,,
4673,,,6.3,,,,
4674,,,5.33,,,,
4675,,,,,,,15.48
4676,,,4.32,,,,
4677,,,,,,,16.28
4678,,45.79,,,,,
4679,,,,,,331.41,
4680,,,,,,576.92,
4681,,,,,,504.41,
4682,,,,,,,18.07
4683,,100.62,,,,,
4684,181.11,,,,,,
4685,,,,,152.01,,
4686,,,,,105.09,,
4687,,,6.0,,,,
4688,,,,,,23.0,
4689,,,,197.85,,,
4690,97.92,,,,,,
4691,,,,,716.98,,
4692,,,,,,162.2,
4693,,,,,,265.03,
4694,,69.72,,,,,
4695,,,,,,,16.26
4696,,,6.62,,,,
4697,109.89,,,,,,
4698,,63.55,,,,,
4699,,,,,361.34,,
4700,99.18,,,,,,
4701,,,,,,,16.1
4702,,49.63,,,,,
4703,,,7.41,,,,
4704,136.67,,,,,,
4705,,63.48,,,,,
4706,171.87,,,,,,
4707,,,,,287.59,,
4708,,,9.92,,,,
4709,,,,,130.37,,
4710,,,,,,,29.8
4711,,,,,,147.19,
4712,,,,284.6,,,
4713,,,,197.82,,,
4714,,,,,,440.89,
4715,,5.42,,,,,
4716,,3.79,,,,,
4717,,,6.38,,,,
4718,,,,212.83,,,
4719,,,,,455.72,,
4720,,0.91,,,,,
